year,url
2025,https://www.superbowl-ads.com/fanduel-super-bowl-lix-2025-ad-the-kick-of-destiny-3-recap-of-eli-vs-peyton-manning/
2025,https://www.superbowl-ads.com/carls-jr-super-bowl-lix-ad-free-hangover-burger-2-10-25/
2025,https://www.superbowl-ads.com/godaddy-super-bowl-lix-2025-ad-social-slickness/
2025,https://www.superbowl-ads.com/yahoo-super-bowl-lix-2025-ad-email-bill-murray/
2025,https://www.superbowl-ads.com/fetch-super-bowl-lix-2025-ad-the-big-reward/
2025,https://www.superbowl-ads.com/disney-lilo-stitch-super-bowl-lix-2025-ad-stitch-runs-loose/
2025,https://www.superbowl-ads.com/coffee-mate-super-bowl-lix-2025-ad-tongue-meet-cold-foam/
2025,https://www.superbowl-ads.com/msc-cruises-super-bowl-lix-2025-ad-lets-holiday/
2025,https://www.superbowl-ads.com/fanduel-super-bowl-lix-2025-ad-the-kick-of-destiny-3-elis-victory-parade/
2025,https://www.superbowl-ads.com/duracell-super-bowl-lix-2025-ad-brady-reboost/
2025,https://www.superbowl-ads.com/universal-pictures-super-bowl-lix-2025-ad-how-to-train-your-dragon/
2025,https://www.superbowl-ads.com/jeep-super-bowl-lix-2025-ad-with-harrison-ford-owners-manual/
2025,https://www.superbowl-ads.com/angel-soft-super-bowl-lix-2025-ad-potty-tunity/
2025,https://www.superbowl-ads.com/tubi-super-bowl-lix-2025-ad-he-was-born-to-love-westerns/
2025,https://www.superbowl-ads.com/poppi-super-bowl-lix-2025-ad-soda-thoughts/
2025,https://www.superbowl-ads.com/taco-bell-super-bowl-lix-2025-ad-the-fans-feat-doja-cat-and-lebron/
2025,https://www.superbowl-ads.com/homes-com-super-bowl-lix-2025-ad-still-not-saying-were-the-best/
2025,https://www.superbowl-ads.com/nike-super-bowl-lix-2025-ad-so-win/
2025,https://www.superbowl-ads.com/salesforce-super-bowl-lix-2025-ad-gate-expectations-with-matthew-mcconaughey/
2025,https://www.superbowl-ads.com/liquid-death-super-bowl-lix-2025-ad-safe-for-work/
2025,https://www.superbowl-ads.com/google-pixel-super-bowl-lix-2025-ad-dream-job/
2025,https://www.superbowl-ads.com/openai-super-bowl-lix-2025-ad-chatgpt-the-intelligence-age/
2025,https://www.superbowl-ads.com/t-mobile-starlink-super-bowl-lix-2025-ad-a-new-era-in-connectivity/
2025,https://www.superbowl-ads.com/homes-com-super-bowl-lix-2025-ad-not-saying-were-the-best/
2025,https://www.superbowl-ads.com/marvel-studios-thunderbolts-super-bowl-lix-2025-ad-trailer/
2025,https://www.superbowl-ads.com/dunkings-2-super-bowl-lix-2025-ad-ft-ben-casey-affleck-jeremy-strong-bill-belichick-druski/
2025,https://www.superbowl-ads.com/meta-ray-ban-super-bowl-lix-2025-ad-art-prank-gone-wrong/
2025,https://www.superbowl-ads.com/meta-ray-ban-super-bowl-lix-2025-ad-hey-meta-who-eats-art/
2025,https://www.superbowl-ads.com/he-gets-us-super-bowl-lix-2025-ad-what-is-greatness/
2025,https://www.superbowl-ads.com/doritos-super-bowl-lix-2025-ad-abduction/
2025,https://www.superbowl-ads.com/turbotax-super-bowl-lix-2025-ad-now-taxes-is-so-sweet/
2025,https://www.superbowl-ads.com/michelob-ultra-super-bowl-lix-2025-ad-the-ultra-hustle/
2025,https://www.superbowl-ads.com/pfizer-super-bowl-lix-2025-ad-knock-out/
2025,https://www.superbowl-ads.com/ritz-super-bowl-lix-2025-ad-ritz-salty-club/
2025,https://www.superbowl-ads.com/bosch-super-bowl-lix-2025-ad-the-more-you-bosch/
2025,https://www.superbowl-ads.com/paramount-pictures-super-bowl-lix-2025-ad-novocaine-with-jack-quaid-amber-midthunder-ray-nicholson-jacob-batalon/
2025,https://www.superbowl-ads.com/doordash-super-bowl-lix-2025-ad-dashpass-math/
2025,https://www.superbowl-ads.com/cirkul-super-bowl-lix-2025-ad-you-got-cirkul/
2025,https://www.superbowl-ads.com/ram-trucks-super-bowl-lix-2025-ad-goldilocks-and-the-three-trucks-feat-glen-powell/
2025,https://www.superbowl-ads.com/godaddy-super-bowl-lix-2025-ad-act-like-you-know/
2025,https://www.superbowl-ads.com/nerdwallet-super-bowl-lix-2025-ad-genius-beluga/
2025,https://www.superbowl-ads.com/mtn-dew-official-song-of-mountain-dew-baja-blast-kiss-from-a-lime-ft-seal-becky-g-the-mountain-dude/
2025,https://www.superbowl-ads.com/totinos-pizza-rolls-super-bowl-lix-2025-ad-chazmo-finally-goes-home/
2025,https://www.superbowl-ads.com/skechers-super-bowl-lix-2025-ad-with-andy-reid/
2025,https://www.superbowl-ads.com/uber-eats-super-bowl-lix-2025-ad-a-century-of-cravings/
2025,https://www.superbowl-ads.com/lays-super-bowl-lix-2025-ad-the-little-farmer/
2025,https://www.superbowl-ads.com/stella-artois-super-bowl-lix-2025-ad-david-dave-the-other-david/
2025,https://www.superbowl-ads.com/squarespace-super-bowl-lix-2025-ad-a-tale-as-old-as-websites/
2025,https://www.superbowl-ads.com/nerds-super-bowl-lix-2025-ad-ft-shaboozey/
2025,https://www.superbowl-ads.com/whats-up-with-hate-super-bowl-lix-2025-ad-no-reason-to-hate/
2025,https://www.superbowl-ads.com/little-ceasars-pizza-super-bowl-lix-2025-ad-woah-with-eugene-levy/
2025,https://www.superbowl-ads.com/haagen-dazs-super-bowl-lix-2025-ad-not-so-fast-not-so-furious/
2025,https://www.superbowl-ads.com/pringles-super-bowl-lix-2025-ad-the-call-of-the-mustaches/
2025,https://www.superbowl-ads.com/coors-light-super-bowl-lix-2025-ad-slow-monday/
2025,https://www.superbowl-ads.com/booking-com-super-bowl-lix-2025-ad-get-your-stay-ridiculously-right/
2025,https://www.superbowl-ads.com/reeses-super-bowl-lix-2025-ad-dont-eat-lava/
2025,https://www.superbowl-ads.com/bud-light-super-bowl-lix-2025-ad-big-men-on-cul-de-sac/
2025,https://www.superbowl-ads.com/hexclad-super-bowl-lix-2025-ad-unidentified-frying-object/
2025,https://www.superbowl-ads.com/instacart-super-bowl-lix-2025-ad-were-here/
2025,https://www.superbowl-ads.com/weathertech-super-bowl-lix-ad-2025-whatever-comes-your-way/
2025,https://www.superbowl-ads.com/hellmanns-super-bowl-lix-ad-2025-when-sally-met-hellmanns/
2025,https://www.superbowl-ads.com/hims-super-bowl-2025-lix-commercial-sick-of-the-system/
2025,https://www.superbowl-ads.com/novartis-super-bowl-lix-2025-ad-preview-your-attention/
2025,https://www.superbowl-ads.com/nfl-super-bowl-lix-ad-it-takes-all-of-us/
2025,https://www.superbowl-ads.com/rocket-super-bowl-lix-ad-trailer/
2025,https://www.superbowl-ads.com/budweiser-super-bowl-lix-ad-first-delivery/
2024,https://www.superbowl-ads.com/fanduel-2024-super-bowl-ad-shank-of-destiny-2-ft-rob-gronkowski/
2024,https://www.superbowl-ads.com/universal-pictures-2024-super-bowl-ad-kung-fu-panda-4/
2024,https://www.superbowl-ads.com/universal-pictures-2024-super-bowl-ad-monkey-man/
2024,https://www.superbowl-ads.com/disney-2024-super-bowl-ad-well-said/
2024,https://www.superbowl-ads.com/doordash-2024-super-bowl-ad-doordash-all-the-ads/
2024,https://www.superbowl-ads.com/paramount-2024-super-bowl-ad-knuckles/
2024,https://www.superbowl-ads.com/homes-com-2024-super-bowl-ad-quick-question/
2024,https://www.superbowl-ads.com/bass-pro-shops-2024-super-bowl-ad-making-memories-on-the-water/
2024,https://www.superbowl-ads.com/foundation-to-combat-antisemitism-2024-super-bowl-ad-silence/
2024,https://www.superbowl-ads.com/homes-com-2024-super-bowl-ad-so-tell-us-about-this-corn-festival/
2024,https://www.superbowl-ads.com/paramount-pictures-2024-super-bowl-ad-if-with-ryan-reynolds-john-krasinski-steve-carell/
2024,https://www.superbowl-ads.com/verizon-2024-super-bowl-ad-with-beyonce/
2024,https://www.superbowl-ads.com/dunkin-donuts-2024-super-bowl-ad-with-jennifer-lopez-ben-affleck/
2024,https://www.superbowl-ads.com/nfl-2024-super-bowl-ad-born-to-play/
2024,https://www.superbowl-ads.com/he-gets-us-2024-super-bowl-ad-who-is-my-neighbor/
2024,https://www.superbowl-ads.com/cerave-skincare-2024-super-bowl-ad-with-michael-cera/
2024,https://www.superbowl-ads.com/universal-pictures-twisters-trailer/
2024,https://www.superbowl-ads.com/temu-2024-super-bowl-ad/
2024,https://www.superbowl-ads.com/cerave-skincare-2024-super-bowl-ad-with-michael-cera/
2024,https://www.superbowl-ads.com/etrade-2024-super-bowl-ad-picklebabies/
2024,https://www.superbowl-ads.com/state-farm-insurance-2024-super-bowl-ad-like-a-good-neighbaa-feat-arnold-schwarzenegger-danny-devito/
2024,https://www.superbowl-ads.com/he-gets-us-2024-super-bowl-ad-foot-washing/
2024,https://www.superbowl-ads.com/homes-com-2024-super-bowl-ad-now-that-is-worth-celebrating/
2024,https://www.superbowl-ads.com/lindt-lindor-2024-super-bowl-ad-life-is-a-ball/
2024,https://www.superbowl-ads.com/apartments-com-2024-super-bowl-ad-extraterrentals-with-jeff-goldblum/
2024,https://www.superbowl-ads.com/20th-century-studios-kingdom-of-the-planet-of-the-apes/
2024,https://www.superbowl-ads.com/universal-pictures-2024-super-bowl-ad-wicked-first-look/
2024,https://www.superbowl-ads.com/crowdstrike-2024-super-bowl-ad-the-future/
2024,https://www.superbowl-ads.com/marvel-deadpool-wolverine/
2024,https://www.superbowl-ads.com/booking-com-2024-super-bowl-ad-with-tina-fey/
2024,https://www.superbowl-ads.com/dove-2024-super-bowl-ad-hard-knocks/
2024,https://www.superbowl-ads.com/drumstick-2024-super-bowl-ad-doctor-on-the-plane-with-eric-andre/
2024,https://www.superbowl-ads.com/oreo-2024-super-bowl-ad/
2024,https://www.superbowl-ads.com/starry-2024-super-bowl-ad-its-time-to-see-other-sodas-with-ice-spice/
2024,https://www.superbowl-ads.com/turbotax-2024-super-bowl-ad-super-bowl-file/
2024,https://www.superbowl-ads.com/coors-light-chill-train-2024-passenger-slo-mo-edition/
2024,https://www.superbowl-ads.com/illumination-despicable-me-4-2024-super-bowl-ad-minion-intelligence/
2024,https://www.superbowl-ads.com/stok-cold-brew-coffee-2024-super-bowl-ad-inner-wred-dragon-with-sir-anthony-hopkins/
2024,https://www.superbowl-ads.com/etsy-2024-super-bowl-ad-gift-mode/
2024,https://www.superbowl-ads.com/bmw-2024-super-bowl-ad-talking-like-walken-with-christopher-walken-and-usher/
2024,https://www.superbowl-ads.com/pringles-2024-super-bowl-ad-mr-p-with-chris-pratt/
2024,https://www.superbowl-ads.com/t-mobile-2024-super-bowl-ad-that-t-mobile-home-internet-feeling/
2024,https://www.superbowl-ads.com/reeses-2024-super-bowl-ad-big-cups/
2024,https://www.superbowl-ads.com/nyx-cosmetics-2024-super-bowl-ad-with-cardi-b/
2024,https://www.superbowl-ads.com/mms-2024-super-bowl-ad-almost-champions-ring-of-comfort/
2024,https://www.superbowl-ads.com/mtn-dew-2024-super-bowl-ad-aubrey-plaza-having-a-blast/
2024,https://www.superbowl-ads.com/uber-eats-2024-super-bowl-ad-dont-forget/
2024,https://www.superbowl-ads.com/coors-light-2024-super-bowl-ad-chill-train-ft-ll-cool-j-and-lainey-wilson/
2024,https://www.superbowl-ads.com/doritos-dinamita-2024-super-bowl-ad-dina-mita/
2024,https://www.superbowl-ads.com/nfl-sunday-ticket-2024-super-bowl-ad-migration/
2024,https://www.superbowl-ads.com/poppi-2024-super-bowl-ad-the-future-of-soda-is-now/
2024,https://www.superbowl-ads.com/pfizer-2024-super-bowl-ad-heres-to-science/
2024,https://www.superbowl-ads.com/volkswagen-2024-super-bowl-ad-an-american-love-story/
2024,https://www.superbowl-ads.com/skechers-2024-super-bowl-ad-mr-t-in-skechers/
2024,https://www.superbowl-ads.com/microsoft-2024-super-bowl-ad-copilot-your-everyday-ai-companion/
2024,https://www.superbowl-ads.com/e-l-f-cosmetics-2024-super-bowl-ad-in-e-l-f-we-trust/
2024,https://www.superbowl-ads.com/kia-2024-super-bowl-ad-perfect-10/
2024,https://www.superbowl-ads.com/toyota-tacoma-2024-super-bowl-ad-dareful-handle/
2024,https://www.superbowl-ads.com/popeyes-2024-super-bowl-ad-the-wait-is-over-with-ken-jeong/
2024,https://www.superbowl-ads.com/squarespace-2024-super-bowl-ad-hello-down-there-directed-by-martin-scorsese/
2024,https://www.superbowl-ads.com/bud-light-2024-super-bowl-ad-easy-night-out/
2024,https://www.superbowl-ads.com/mtn-dew-2024-super-bowl-ad-with-aubrey-plaza-and-nick/
2024,https://www.superbowl-ads.com/nerds-candy-2024-super-bowl-ad-ft-addison-rae/
2024,https://www.superbowl-ads.com/silk-2024-super-bowl-ad-feel-planty-good/
2024,https://www.superbowl-ads.com/google-pixel-2024-super-bowl-ad-javier-in-frame/
2024,https://www.superbowl-ads.com/michelob-ultra-2024-super-bowl-ad-superior-beach/
2024,https://www.superbowl-ads.com/paramount-2024-super-bowl-ad-sir-patrick-stewart-does-a-hail-arnold/
2024,https://www.superbowl-ads.com/betmgm-2024-super-bowl-ad-tom-has-won-enough/
2024,https://www.superbowl-ads.com/kawasaki-ridge-2024-super-bowl-ad-mullets/
2024,https://www.superbowl-ads.com/hellmanns-2024-super-bowl-ad-mayo-cat/
2024,https://www.superbowl-ads.com/budweiser-2024-super-bowl-ad-old-school-delivery/
2024,https://www.superbowl-ads.com/josh-allen-peppa-pig-ruin-beavis-campfire-for-paramount/
2023,https://www.superbowl-ads.com/doritos-2023-super-bowl-ad-jacks-new-angle/
2023,https://www.superbowl-ads.com/skechers-2023-super-bowl-ad/
2023,https://www.superbowl-ads.com/avocados-from-mexico-2023-super-bowl-ad-make-it-better/
2023,https://www.superbowl-ads.com/pepsi-2023-super-bowl-ad-great-acting-or-great-taste-with-ben-stiller/
2023,https://www.superbowl-ads.com/pepsi-2023-super-bowl-ad-great-acting-or-grrat-taste-with-steve-martin/
2023,https://www.superbowl-ads.com/sam-adams-2023-super-bowl-commercial-your-cousins-brighter-boston/
2023,https://www.superbowl-ads.com/weathertech-2023-super-bowl-ad-we-all-win/
2023,https://www.superbowl-ads.com/gm-and-netflix-2023-super-bowl-ad-why-not-an-ev/
2023,https://www.superbowl-ads.com/uber-one-2023-super-bowl-ad-one-hit-for-uber-one/
2023,https://www.superbowl-ads.com/pringles-2023-super-bowl-ad-best-of-us/
2023,https://www.superbowl-ads.com/workday-2023-super-bowl-ad-rock-star/
2023,https://www.superbowl-ads.com/rakuten-2023-super-bowl-ad-not-so-clueless-with-alicia-silverstone-as-cher-horowitz/
2023,https://www.superbowl-ads.com/hellmanns-2023-super-bowl-ad-whos-in-the-fridge-with-jon-hamm-brie-larson-and-pete-davidson/
2023,https://www.superbowl-ads.com/popcorners-2023-super-bowl-ad-breaking-good/
2023,https://www.superbowl-ads.com/downy-unstopables-2023-super-bowl-ad-call-me-downy-mcbride/
2023,https://www.superbowl-ads.com/booking-com-2023-super-bowl-ad-somewhere-anywhere-with-melissa-mccarthy/
2023,https://www.superbowl-ads.com/bud-light-2023-super-bowl-ad-hold/
2023,https://www.superbowl-ads.com/michelob-ultra-2023-super-bowl-ad-full-swing-gossip/
2023,https://www.superbowl-ads.com/superbowl-ads-com-top-5-ads-of-2023-super-bowl-lvii/
2023,https://www.superbowl-ads.com/disney-2023-super-bowl-ad-100-years/
2023,https://www.superbowl-ads.com/sony-pictures-2023-super-bowl-ad-65/
2023,https://www.superbowl-ads.com/youtube-2023-super-bowl-ad-nfl-sunday-ticket-football-cat/
2023,https://www.superbowl-ads.com/mcdonalds-2023-pregame-super-bowl-commercial-knowing-their-order/
2023,https://www.superbowl-ads.com/mgm-creed-iii-2023-super-bowl-ad/
2023,https://www.superbowl-ads.com/tubi-2023-super-bowl-ad-interface-interruption/
2023,https://www.superbowl-ads.com/amazon-studios-2023-super-bowl-ad-air-courting-a-legend/
2023,https://www.superbowl-ads.com/amazon-2023-super-bowl-ad-saving-sawyer/
2023,https://www.superbowl-ads.com/mms-2023-super-bowl-ad/
2023,https://www.superbowl-ads.com/nfl-2023-super-bowl-ad-run-with-it-with-diana-flores/
2023,https://www.superbowl-ads.com/fanduel-kick-of-destiny-2023-with-rob-gronkowski-and-adam-vinatieri/
2023,https://www.superbowl-ads.com/crowdstrike-2023-super-bowl-ad-troy/
2023,https://www.superbowl-ads.com/tubi-2023-super-bowl-ad-rabbit-holes/
2023,https://www.superbowl-ads.com/bass-pro-shops-and-cabelas-2023-super-bowl-ad/
2023,https://www.superbowl-ads.com/e-l-f-cosmetics-2023-super-bowl-ad-e-l-f-in-sticky-with-jennifer-coolidge/
2023,https://www.superbowl-ads.com/miller-lite-coors-light-2023-super-bowl-ad-the-high-stakes-beer-ad/
2023,https://www.superbowl-ads.com/heinekin-ant-man-and-the-wasp-quantumania-2023-super-bowl-ad/
2023,https://www.superbowl-ads.com/he-gets-us-2023-super-bowl-ad-love-your-enemies/
2023,https://www.superbowl-ads.com/warner-bros-the-flash-2023-super-bowl-ad/
2023,https://www.superbowl-ads.com/he-gets-us-2023-super-bowl-ad-be-childlike/
2023,https://www.superbowl-ads.com/t-mobile-2023-super-bowl-ad-with-bradley-cooper-and-his-mom/
2023,https://www.superbowl-ads.com/indiana-jones-and-the-dial-of-destiny-2023-super-bowl-ad/
2023,https://www.superbowl-ads.com/remy-martin-2023-super-bowl-ad-inch-by-inch-with-serena-williams/
2023,https://www.superbowl-ads.com/fast-x-2023-super-bowl-ad/
2023,https://www.superbowl-ads.com/dunkin-2023-super-bowl-ad-drive-thru-with-ben-affleck/
2023,https://www.superbowl-ads.com/rise-of-the-beasts-transformers-porche-2023-super-bowl-ad/
2023,https://www.superbowl-ads.com/dungeons-dragons-2023-super-bowl-ad/
2023,https://www.superbowl-ads.com/planters-2023-super-bowl-campaign-the-roast-of-mr-peanut/
2023,https://www.superbowl-ads.com/ram-trucks-2023-super-bowl-ad-premature-electrification/
2023,https://www.superbowl-ads.com/jeep-2023-super-bowl-ad-electric-boogie/
2023,https://www.superbowl-ads.com/draftkings-2023-super-bowl-ad-with-kevin-hart-kevins-bet/
2023,https://www.superbowl-ads.com/dexcom-2023-super-bowl-ad-with-nick-jonas/
2023,https://www.superbowl-ads.com/the-farmers-dog-2023-super-bowl-ad-forever/
2023,https://www.superbowl-ads.com/crown-royal-2023-super-bowl-ad-thank-you-canada/
2023,https://www.superbowl-ads.com/peacock-2023-super-bowl-ad-poker-face-charlie-calls-bullsht/
2023,https://www.superbowl-ads.com/etrade-2023-super-bowl-ad-wedding-with-etrade-baby/
2023,https://www.superbowl-ads.com/doordash-2023-super-bowl-ad-we-get-groceries/
2023,https://www.superbowl-ads.com/t-mobile-2023-super-bowl-ad-new-year-new-neighbor-with-john-travolta-zach-braff-and-donald-faison/
2023,https://www.superbowl-ads.com/kia-2023-super-bowl-ad-binky-dad-for-telluride-x-pro-all-terrain-awd-suv/
2023,https://www.superbowl-ads.com/squarespace-2023-super-bowl-ad/
2023,https://www.superbowl-ads.com/dialpad-2023-super-bowl-ad-the-good-ai/
2023,https://www.superbowl-ads.com/google-2023-super-bowl-ad-fixedonpixel-with-amy-schumer-giannis-antetokounmpo-and-doja-cat/
2023,https://www.superbowl-ads.com/paramount-pictures-2023-super-bowl-ad-scream-vi/
2023,https://www.superbowl-ads.com/turbotax-super-bowl-ad-dancer/
2022,https://www.superbowl-ads.com/superbowl-ads-com-top-5-ads-of-2022-super-bowl-lvi/
2022,https://www.superbowl-ads.com/2022-universal-pictures-ambulance/
2022,https://www.superbowl-ads.com/2022-hologic-mary-j-blige/
2022,https://www.superbowl-ads.com/2022-coinbase-qr-code/
2022,https://www.superbowl-ads.com/2022-universal-pictures-nope/
2022,https://www.superbowl-ads.com/2022-hbo-the-rise-of-the-lakers-dynasty/
2022,https://www.superbowl-ads.com/2022-greenlight-ill-take-it/
2022,https://www.superbowl-ads.com/2022-prime-video-the-lord-of-the-rings-the-rings-of-power/
2022,https://www.superbowl-ads.com/2022-cutwater-spirits-heres-to-the-lazy-ones/
2022,https://www.superbowl-ads.com/2022-t-mobile-zach-braff-and-donald-faison-duet-for-home-internet/
2022,https://www.superbowl-ads.com/2022-etoro-flying-your-way/
2022,https://www.superbowl-ads.com/2022-crypto-com-the-moment-of-truth/
2022,https://www.superbowl-ads.com/2022-nfl-bring-down-the-house/
2022,https://www.superbowl-ads.com/2022-michelob-ultra-welcome-to-superior-bowl/
2022,https://www.superbowl-ads.com/2022-verizon-cable-guy/
2022,https://www.superbowl-ads.com/2022-toyota-the-joneses/
2022,https://www.superbowl-ads.com/2022-ftx-dont-miss-out-larrys-cut/
2022,https://www.superbowl-ads.com/2022-gillette-labs-a-quick-easy-shave/
2022,https://www.superbowl-ads.com/2022-t-mobile-miley-cyrus-sings-for-5g-phones/
2022,https://www.superbowl-ads.com/2022-disney-goats/
2022,https://www.superbowl-ads.com/2022-rocket-mortgage-and-rocket-homes-dream-house/
2022,https://www.superbowl-ads.com/2022-etrade-baby-off-the-grid/
2022,https://www.superbowl-ads.com/2022-chevrolet-silverado-new-generation-the-sopranos/
2022,https://www.superbowl-ads.com/2022-youtube-tv-strange-choices/
2022,https://www.superbowl-ads.com/2022-netflix-movie-preview-and-the-adam-project/
2022,https://www.superbowl-ads.com/2022-polestar-no-compromises/
2022,https://www.superbowl-ads.com/2022-marvel-moon-knight/
2022,https://www.superbowl-ads.com/2022-t-mobile-do-it-for-the-phones/
2022,https://www.superbowl-ads.com/2022-cue-health-meet-cue-home-covid-test/
2022,https://www.superbowl-ads.com/2022-gm-dr-ev-il/
2022,https://www.superbowl-ads.com/2022-amazon-mind-reader/
2022,https://www.superbowl-ads.com/2022-caesars-sportsbook-sit-down-dinner/
2022,https://www.superbowl-ads.com/2022-quickbooks-and-mailchimp-duality-duets-featuring-dj-khaled/
2022,https://www.superbowl-ads.com/2022-squarespace-sallys-seashells-starring-zendaya/
2022,https://www.superbowl-ads.com/2022-budweiser-a-clydesdales-journey/
2022,https://www.superbowl-ads.com/2022-nissan-thrill-driver-with-eugene-levy-brie-larson-danai-gurira-and-dave-bautista/
2022,https://www.superbowl-ads.com/2022-cheetos-flamin-hot/
2022,https://www.superbowl-ads.com/2022-pringles-stuck-in/
2022,https://www.superbowl-ads.com/2022-bmw-zeus-hera/
2022,https://www.superbowl-ads.com/2022-lays-golden-memories-with-seth-rogen-and-paul-rudd/
2022,https://www.superbowl-ads.com/2022-skechers-on-the-road-with-willie-nelson/
2022,https://www.superbowl-ads.com/2022-bud-light-seltzer-hard-soda-land-of-loud-flavors/
2022,https://www.superbowl-ads.com/2022-telemundo-goooooal-with-andres-cantor/
2022,https://www.superbowl-ads.com/2022-google-lizzo-in-real-tone/
2022,https://www.superbowl-ads.com/2022-meta-old-friends-new-fun/
2022,https://www.superbowl-ads.com/2022-peacock-bel-air-with-will-smith/
2022,https://www.superbowl-ads.com/2022-turbotax-matchmaker/
2022,https://www.superbowl-ads.com/2022-turkish-airlines-pangea-with-morgan-freeman/
2022,https://www.superbowl-ads.com/2022-taco-bell-the-grande-escape/
2022,https://www.superbowl-ads.com/2022-michelob-ultra-golden/
2022,https://www.superbowl-ads.com/2022-draftkings-fortune-lifes-a-gamble/
2022,https://www.superbowl-ads.com/2022-uber-eats-uber-dont-eats/
2022,https://www.superbowl-ads.com/2022-expedia-stuff/
2022,https://www.superbowl-ads.com/2022-booking-com-idris/
2022,https://www.superbowl-ads.com/2022-avocados-from-mexico-always-good/
2022,https://www.superbowl-ads.com/2022-irish-spring-welcome-to-irish-spring/
2022,https://www.superbowl-ads.com/2022-planters-feed-the-debate/
2022,https://www.superbowl-ads.com/2022-toyota-start-your-impossible/
2022,https://www.superbowl-ads.com/2022-weathertech-special-ops-fit-crew/
2022,https://www.superbowl-ads.com/2022-wallbox-superchargedseth/
2022,https://www.superbowl-ads.com/2022-rakuten-high-stakes/
2022,https://www.superbowl-ads.com/2022-hellmanns-mayo-tackles-food-waste/
2022,https://www.superbowl-ads.com/2022-bud-light-next-zero-in-the-way-of-possibility/
2022,https://www.superbowl-ads.com/2022-sams-club-vip-with-kevin-hart/
2022,https://www.superbowl-ads.com/2022-planet-fitness-lindsay-lohan/
2022,https://www.superbowl-ads.com/2022-salesforce-teamearth-because-earth-is-the-new-frontier-with-matthew-mcconaughey/
2022,https://www.superbowl-ads.com/2022-carvana-oversharing-mom/
2022,https://www.superbowl-ads.com/2022-pepsi-the-call/
2022,https://www.superbowl-ads.com/2022-kia-robo-dog/
2022,https://www.superbowl-ads.com/2022-vroom-flake-the-musical/
2021,https://www.superbowl-ads.com/superbowl-ads-com-top-5-ads-of-2021-super-bowl-lv/
2021,https://www.superbowl-ads.com/2021-reddit-5-seconds/
2021,https://www.superbowl-ads.com/2021-doordash-the-neighborhood/
2021,https://www.superbowl-ads.com/2021-oatly-ceo-sings/
2021,https://www.superbowl-ads.com/2021-verizon-5g-cant-blame-the-lag/
2021,https://www.superbowl-ads.com/2021-rocket-mortgage-certain-is-better-with-tracy-morgan-and-joey-bosa/
2021,https://www.superbowl-ads.com/2021-rocket-mortgage-certain-is-better-with-tracy-morgan-dave-bautista-liza-koshy/
2021,https://www.superbowl-ads.com/2021-jeep-the-middle/
2021,https://www.superbowl-ads.com/2021-fiverr-opportunity-knocks/
2021,https://www.superbowl-ads.com/2021-t-mobile-adam-levine-sets-up-gwen-stefani-blake-shelton/
2021,https://www.superbowl-ads.com/2021-etrade-workout/
2021,https://www.superbowl-ads.com/2021-hellmanns-fairy-godmayo-with-amy-schumer/
2021,https://www.superbowl-ads.com/2021-paramount-ice-bridge/
2021,https://www.superbowl-ads.com/2021-paramount-frostbite-hooked-it/
2021,https://www.superbowl-ads.com/2021-state-farm-insurance-stand-ins/
2021,https://www.superbowl-ads.com/2021-cadillac-lyriq-scissorhandsfree/
2021,https://www.superbowl-ads.com/2021-universal-pictures-old/
2021,https://www.superbowl-ads.com/2021-mtn-dew-major-melon-bottle-count-w-john-cena/
2021,https://www.superbowl-ads.com/2021-guaranteed-rate-believe-you-will/
2021,https://www.superbowl-ads.com/2021-bass-pro-shops-cabelas-get-back-to-nature/
2021,https://www.superbowl-ads.com/2021-dr-squatch-youre-not-a-dish/
2021,https://www.superbowl-ads.com/2021-paramount-sweet-victory/
2021,https://www.superbowl-ads.com/2021-t-mobile-tom-brady-rob-gronkowski/
2021,https://www.superbowl-ads.com/2021-pg-pregame-ad-come-together-and-close-the-chore-gap/
2021,https://www.superbowl-ads.com/2021-jimmy-johns-meet-the-king/
2021,https://www.superbowl-ads.com/2021-michelob-ultra-organic-seltzer-all-star-cast/
2021,https://www.superbowl-ads.com/2021-klarna-the-four-quarter-sized-cowboys-with-mya-rudolph/
2021,https://www.superbowl-ads.com/2021-anheuser-busch-lets-grab-a-beer/
2021,https://www.superbowl-ads.com/2021-rockstar-energy-lil-baby-spotlight/
2021,https://www.superbowl-ads.com/2021-inspiration4-join-worlds-first-all-civilian-mission-to-space/
2021,https://www.superbowl-ads.com/2021-skechers-max-cushioning-with-candice-and-tony-romo/
2021,https://www.superbowl-ads.com/2021-toyota-jessica-longs-story-upstream/
2021,https://www.superbowl-ads.com/2021-general-motors-no-way-norway/
2021,https://www.superbowl-ads.com/2021-uber-eats-waynes-world-cardi-bs-shameless-manipulation/
2021,https://www.superbowl-ads.com/2021-robinhood-we-are-all-investors/
2021,https://www.superbowl-ads.com/2021-indeed-the-rising/
2021,https://www.superbowl-ads.com/2021-mms-come-together-with-dan-levy/
2021,https://www.superbowl-ads.com/2021-turbotax-spreading-tax-expertise-across-the-land/
2021,https://www.superbowl-ads.com/2021-dexcom-g6-with-nick-jonas/
2021,https://www.superbowl-ads.com/2021-huggies-welcome-to-the-world-baby/
2021,https://www.superbowl-ads.com/2021-bud-light-legends/
2021,https://www.superbowl-ads.com/2021-logitech-defy-logic-with-lil-nas-x/
2021,https://www.superbowl-ads.com/2021-amazon-alexas-body-with-michael-b-jordan/
2021,https://www.superbowl-ads.com/2021-squarespace-5-to-9-by-dolly-parton/
2021,https://www.superbowl-ads.com/2021-scotts-miracle-gro-keep-growing/
2021,https://www.superbowl-ads.com/2021-doritos-3d-flat-matthew/
2021,https://www.superbowl-ads.com/2021-weathertech-we-never-left/
2021,https://www.superbowl-ads.com/2021-weathertech-family/
2021,https://www.superbowl-ads.com/2021-cheetos-it-wasnt-me-with-mila-kunis-and-ashton-kutcher/
2021,https://www.superbowl-ads.com/2021-bud-light-last-years-lemons/
2021,https://www.superbowl-ads.com/2021-tide-the-jason-alexander-hoodie/
2021,https://www.superbowl-ads.com/2021-pringles-flavor-stacking-space-return/
2021,https://www.superbowl-ads.com/2021-mercari-get-your-unused-things-back-in-the-game/
2021,https://www.superbowl-ads.com/2021-michelob-ultra-happy-with-serena-williams-anthony-davis-peyton-manning-brooks-koepka-jimmy-butler-and-alex-morgan/
2021,https://www.superbowl-ads.com/2021-chipotle-can-a-burrito-change-the-world/
2021,https://www.superbowl-ads.com/2021-vroom-dealership-pain/
2020,https://www.superbowl-ads.com/superbowl-ads-com-top-5-ads-of-2020-super-bowl-liv/
2020,https://www.superbowl-ads.com/2020-universal-pictures-minions-the-rise-of-gru/
2020,https://www.superbowl-ads.com/2020-tide-finally-later-laundrylater/
2020,https://www.superbowl-ads.com/2020-pg-when-we-come-together/
2020,https://www.superbowl-ads.com/2020-tide-coming-up-next-laundrylater/
2020,https://www.superbowl-ads.com/2020-marvel-studios-disney/
2020,https://www.superbowl-ads.com/2020-tide-wonder-woman-now-laundrylater/
2020,https://www.superbowl-ads.com/2020-mgm-007-no-time-to-die/
2020,https://www.superbowl-ads.com/2020-sabra-hummus-howimmus/
2020,https://www.superbowl-ads.com/2020-planters-tribute/
2020,https://www.superbowl-ads.com/2020-tide-bud-knight-now-laundrylater/
2020,https://www.superbowl-ads.com/2020-hard-rock-hotel-starring-jlo-arod-dj-khaled-pitbull-and-steven-van-zandt/
2020,https://www.superbowl-ads.com/2020-hulu-tom-bradys-big-announcement/
2020,https://www.superbowl-ads.com/2020-nfl-next-100/
2020,https://www.superbowl-ads.com/2020-marvel-studios-black-widow/
2020,https://www.superbowl-ads.com/2020-porche-the-heist/
2020,https://www.superbowl-ads.com/2020-rocket-mortgage-jason-momoa-comfortable/
2020,https://www.superbowl-ads.com/2020-tide-super-bowl-now-laundrylater/
2020,https://www.superbowl-ads.com/2020-universal-pictures-f9/
2020,https://www.superbowl-ads.com/2020-paramount-pictures-top-gun-maverick/
2020,https://www.superbowl-ads.com/2020-hummer-ev-quiet-revolution/
2020,https://www.superbowl-ads.com/2020-toyota-go-places-with-cobie-smulders/
2020,https://www.superbowl-ads.com/2020-facebook-groups-ready-to-rock-2/
2020,https://www.superbowl-ads.com/2020-jeep-groundhog-day-with-bill-murray/
2020,https://www.superbowl-ads.com/2020-t-mobile-anthony-andersons-mama-tests-5g-network/
2020,https://www.superbowl-ads.com/2020-quibi-bank-heist/
2020,https://www.superbowl-ads.com/2020-coca-cola-energy-show-up/
2020,https://www.superbowl-ads.com/2020-paramount-pictures-a-quiet-place-part-ii/
2020,https://www.superbowl-ads.com/2020-disney-mulan/
2020,https://www.superbowl-ads.com/2020-amazon-prime-video-hunters/
2020,https://www.superbowl-ads.com/2020-secret-the-secret-kicker/
2020,https://www.superbowl-ads.com/2020-pepsi-zero-sugar-done-right/
2020,https://www.superbowl-ads.com/2020-pop-tarts-fixed-the-pretzel-starring-jonathan-van-ness/
2020,https://www.superbowl-ads.com/2020-las-vegas-key-of-vegas/
2020,https://www.superbowl-ads.com/2020-trump-everything-is-ok/
2020,https://www.superbowl-ads.com/2020-mike-bloomberg-george/
2020,https://www.superbowl-ads.com/2020-olay-makespaceforwomen/
2020,https://www.superbowl-ads.com/2020-sodastream-discovers-water-on-mars/
2020,https://www.superbowl-ads.com/2020-amazon-beforealexa/
2020,https://www.superbowl-ads.com/2020-discover-yes-were-accepted/
2020,https://www.superbowl-ads.com/2020-discover-no-we-dont-charge-annual-fees/
2020,https://www.superbowl-ads.com/2020-dashlane-password-paradise/
2020,https://www.superbowl-ads.com/2020-bud-light-seltzer-inside-posts-brain/
2020,https://www.superbowl-ads.com/2020-doritos-the-cool-ranch-with-lil-nas-x-and-sam-elliott/
2020,https://www.superbowl-ads.com/2020-snickers-fix-the-world/
2020,https://www.superbowl-ads.com/2020-kia-tough-never-quits/
2020,https://www.superbowl-ads.com/2020-heinz-find-the-goodness-2/
2020,https://www.superbowl-ads.com/2020-turbotax-all-people-are-tax-people/
2020,https://www.superbowl-ads.com/2020-audi-let-it-go/
2020,https://www.superbowl-ads.com/2020-walmart-famous-visitors/
2020,https://www.superbowl-ads.com/2020-cheetos-cant-touch-this/
2020,https://www.superbowl-ads.com/2020-new-york-life-love-takes-action/
2020,https://www.superbowl-ads.com/2020-mtn-dew-zero-sugar-as-good-as-the-original/
2020,https://www.superbowl-ads.com/2020-genesis-going-away-party-with-john-legend-and-chrissy-teigen/
2020,https://www.superbowl-ads.com/2020-reeses-take-5-rock/
2020,https://www.superbowl-ads.com/2020-google-loretta/
2020,https://www.superbowl-ads.com/2020-little-caesars-best-thing-since-sliced-bread/
2020,https://www.superbowl-ads.com/2020-michelob-ultra-jimmy-works-it-out/
2020,https://www.superbowl-ads.com/2020-microsoft-be-the-one-with-katie-sowers/
2020,https://www.superbowl-ads.com/2020-pringles-rick-and-morty/
2020,https://www.superbowl-ads.com/2020-squarespace-winona-in-winona/
2020,https://www.superbowl-ads.com/2020-michelob-ultra-pure-gold-6-for-6-pack/
2020,https://www.superbowl-ads.com/2020-weathertech-lucky-dog/
2020,https://www.superbowl-ads.com/2020-hyundai-smaht-pahk/
2020,https://www.superbowl-ads.com/2020-avocados-from-mexico-shopping-network-with-molly-ringwald/
2020,https://www.superbowl-ads.com/2020-budweiser-typical-american/
2020,https://www.superbowl-ads.com/2020-planters-road-trip/
2019,https://www.superbowl-ads.com/superbowl-ads-com-top-5-ads-of-2019-super-bowl-liii/
2019,https://www.superbowl-ads.com/2019-toy-story-4/
2019,https://www.superbowl-ads.com/2019-t-mobile-dad/
2019,https://www.superbowl-ads.com/2019-washington-post-democracy-dies-in-darkness-with-tom-hanks/
2019,https://www.superbowl-ads.com/2019-cbs-films-scary-stories-to-tell-in-the-dark-red-spot/
2019,https://www.superbowl-ads.com/2019-cbs-films-scary-stories-to-tell-in-the-dark-big-toe/
2019,https://www.superbowl-ads.com/2019-cbs-films-scary-stories-to-tell-in-the-dark-jangly-man/
2019,https://www.superbowl-ads.com/2019-coca-cola-a-coke-is-a-coke-2/
2019,https://www.superbowl-ads.com/2019-burger-king-eat-like-andy/
2019,https://www.superbowl-ads.com/2019-bud-light-trojan-horse-occupants/
2019,https://www.superbowl-ads.com/2019-verizon-the-coach-who-wouldnt-be-here/
2019,https://www.superbowl-ads.com/2019-bud-light-medieval-barbers/
2019,https://www.superbowl-ads.com/2019-netflix-our-planet/
2019,https://www.superbowl-ads.com/2019-t-mobile-were-here-for-you-free-lyft/
2019,https://www.superbowl-ads.com/2019-nfl-nfl100/
2019,https://www.superbowl-ads.com/2019-adt-when-it-comes-to-smart-home-security-trust-the-pros-with-the-scott-brothers/
2019,https://www.superbowl-ads.com/2019-toyota-supra-wizard/
2019,https://www.superbowl-ads.com/2019-turbotax-live-robochild/
2019,https://www.superbowl-ads.com/2019-simplisafe-fear-is-everywhere/
2019,https://www.superbowl-ads.com/2019-t-mobile-whats-for-dinner-taco-bell-x-t-mobile/
2019,https://www.superbowl-ads.com/2019-persil-proclean-the-deep-clean-level/
2019,https://www.superbowl-ads.com/2019-bud-light-game-of-thrones-joust/
2019,https://www.superbowl-ads.com/2019-marvel-studios-captain-marvel/
2019,https://www.superbowl-ads.com/2019-t-mobile-well-keep-this-brief/
2019,https://www.superbowl-ads.com/2019-bud-light-special-delivery/
2019,https://www.superbowl-ads.com/2019-hulu-the-handmaids-tale-season-3/
2019,https://www.superbowl-ads.com/2019-marvel-studios-avengers-endgame/
2019,https://www.superbowl-ads.com/2019-walmart-grocery-pickup-famous-cars/
2019,https://www.superbowl-ads.com/universal-pictures-us/
2019,https://www.superbowl-ads.com/2020-kia-telluride-give-it-everything/
2019,https://www.superbowl-ads.com/2019-michelob-artificial-devices-fumble/
2019,https://www.superbowl-ads.com/2019-turkish-airlines-thejourney-a-ridley-scott-film/
2019,https://www.superbowl-ads.com/2019-uber-unhappy-hour-with-russell-wilson/
2019,https://www.superbowl-ads.com/2019-paramount-pictures-wonder-park/
2019,https://www.superbowl-ads.com/2019-jim-beam-celebration/
2019,https://www.superbowl-ads.com/2019-google-job-search-for-veterans/
2019,https://www.superbowl-ads.com/2019-universal-pictures-hobbs-shaw/
2019,https://www.superbowl-ads.com/2019-google-100-billion-words/
2019,https://www.superbowl-ads.com/2019-weathertech-cupfone/
2019,https://www.superbowl-ads.com/2019-wix-karlie-kloss/
2019,https://www.superbowl-ads.com/2019-norwegian-cruise-lines-feel-free-to-come-alive/
2019,https://www.superbowl-ads.com/2019-skechers-sport-wide-fit-with-howie-long/
2019,https://www.superbowl-ads.com/2019-pepsi-bubly-buble/
2019,https://www.superbowl-ads.com/2019-sprint-robot-analogy/
2019,https://www.superbowl-ads.com/2019-mint-mobile-chunky-style-milk-thats-not-right/
2019,https://www.superbowl-ads.com/2019-bumble-in-her-court-with-serena-williams/
2019,https://www.superbowl-ads.com/2019-audi-cashew/
2019,https://www.superbowl-ads.com/2019-amazon-studios-hanna-season-1/
2019,https://www.superbowl-ads.com/2019-microsoft-we-all-win/
2019,https://www.superbowl-ads.com/2019-weathertech-scout/
2019,https://www.superbowl-ads.com/2019-mercedes-benz-say-the-word/
2019,https://www.superbowl-ads.com/2019-mms-bad-passengers-with-christina-applegate/
2019,https://www.superbowl-ads.com/2019-avocados-from-mexico-top-dog/
2019,https://www.superbowl-ads.com/2019-amazon-not-everything-makes-the-cut/
2019,https://www.superbowl-ads.com/2019-hyundai-shopper-assurance-the-elevator-with-jason-bateman/
2019,https://www.superbowl-ads.com/2019-olay-killer-skin/
2019,https://www.superbowl-ads.com/2019-planters-mr-peanut-is-always-there-in-crunch-time/
2019,https://www.superbowl-ads.com/2019-skechers-easy-with-tony-romo/
2019,https://www.superbowl-ads.com/2019-doritos-now-its-hot-with-chance-the-rapper-and-backstreet-boys/
2019,https://www.superbowl-ads.com/2019-expensify-expensify-th-with-2-chainz-and-adam-scott/
2019,https://www.superbowl-ads.com/2019-toyota-toni-with-antoinette-harris/
2019,https://www.superbowl-ads.com/2019-stella-artois-change-up-the-usual/
2019,https://www.superbowl-ads.com/2019-michelob-ultra-pure-gold-the-pure-experience/
2019,https://www.superbowl-ads.com/2019-pringles-sad-device/
2019,https://www.superbowl-ads.com/2019-pepsi-more-than-ok/
2019,https://www.superbowl-ads.com/2019-michelob-ultra-robots/
2019,https://www.superbowl-ads.com/2019-coca-cola-a-coke-is-a-coke/
2019,https://www.superbowl-ads.com/2019-bon-viv-the-pitch/
2019,https://www.superbowl-ads.com/2019-devour-food-porn-uncensored/
2019,https://www.superbowl-ads.com/2019-kia-the-great-unknowns-what-if/
2019,https://www.superbowl-ads.com/2019-verizon-the-team-that-wouldnt-be-here/
2019,https://www.superbowl-ads.com/2019-colgate-close-talker-with-luke-wilson/
2019,https://www.superbowl-ads.com/2019-budweiser-wind-never-felt-better/
2018,https://www.superbowl-ads.com/superbowl-ads-com-top-5-ads-of-2018-super-bowl-lii/
2018,https://www.superbowl-ads.com/the-cloverfield-paradox-watch-now-netflix/
2018,https://www.superbowl-ads.com/official-jeep-super-bowl-commercial-anti-manifesto/
2018,https://www.superbowl-ads.com/touchdown-celebrations-to-come-nfl-super-bowl-lii-commercial/
2018,https://www.superbowl-ads.com/official-jeep-super-bowl-commercial-jeep-jurassic/
2018,https://www.superbowl-ads.com/tourism-australia-dundee-super-bowl-ad-2018-w-chris-hemsworth-and-danny-mcbride/
2018,https://www.superbowl-ads.com/official-ram-trucks-super-bowl-commercial-dr-martin-luther-king-jr-built-to-serve/
2018,https://www.superbowl-ads.com/official-jeep-super-bowl-commercial-the-road/
2018,https://www.superbowl-ads.com/mission-impossible-fallout-2018-big-game-spot-paramount-pictures/
2018,https://www.superbowl-ads.com/etrade-commercial-this-is-getting-old/
2018,https://www.superbowl-ads.com/skyscraper-big-game-spot-hd/
2018,https://www.superbowl-ads.com/diet-coke-twisted-mango-groove/
2018,https://www.superbowl-ads.com/5-senses-with-dr-oz-turkish-airlines/
2018,https://www.superbowl-ads.com/solo-a-star-wars-story-big-game-tv-spot-45/
2018,https://www.superbowl-ads.com/hope-detector-nfl-super-bowl-lii-hyundai/
2018,https://www.superbowl-ads.com/turbotax-2018-big-game-commercial-the-thing-under-the-bed-official-30-tv-ad/
2018,https://www.superbowl-ads.com/2018-tide-its-a-tide-ad/
2018,https://www.superbowl-ads.com/annihilation-2018-evolution-paramount-pictures/
2018,https://www.superbowl-ads.com/toyota-2018-big-game-ad-one-team/
2018,https://www.superbowl-ads.com/2018_nbc_winter_olympics_super_bowl_lii/
2018,https://www.superbowl-ads.com/wix-com-official-2018-big-game-ad-with-rhett-link/
2018,https://www.superbowl-ads.com/2018-coca-cola-super-bowl-ad-wonder-us/
2018,https://www.superbowl-ads.com/2018-doritos-blaze-vs-mtn-dew-ice/
2018,https://www.superbowl-ads.com/mms-mms-again-15/
2018,https://www.superbowl-ads.com/good-odds-toyota/
2018,https://www.superbowl-ads.com/2018_pepsi_this_is_the_pepsi/
2018,https://www.superbowl-ads.com/2018-michelob-ultra-super-bowl-like-beer-60-chris-pratt/
2018,https://www.superbowl-ads.com/weathertech-super-bowl-commercial-american-factory/
2018,https://www.superbowl-ads.com/bud-light-the-bud-knight/
2018,https://www.superbowl-ads.com/2018-kia-stinger-steven-tyler-big-game-ad-feel-something-again/
2018,https://www.superbowl-ads.com/super-bowl-2018-commercial-make-it-with-keanu-reeves/
2018,https://www.superbowl-ads.com/guacworld-60-2018-big-game-commercial-avocados-from-mexico/
2018,https://www.superbowl-ads.com/alexa-loses-her-voice-amazon-super-bowl-lii-commercial/
2018,https://www.superbowl-ads.com/persil-proclean-super-bowl-ad-science-of-clean-10-dimensions/
2018,https://www.superbowl-ads.com/tom-clancys-jack-ryan-super-bowl-commercial-prime-video/
2018,https://www.superbowl-ads.com/yellow-tail-surprise-30/
2018,https://www.superbowl-ads.com/peyton-manning-vacation-quarterback-in-game/
2018,https://www.superbowl-ads.com/mms-super-bowl-commercial-2018-featuring-danny-devito-human-30/
2018,https://www.superbowl-ads.com/life-is-short-have-a-diet-coke-because-i-can-diet-coke/
2018,https://www.superbowl-ads.com/41891-2/
2018,https://www.superbowl-ads.com/41882-2/
2018,https://www.superbowl-ads.com/lexus-super-bowl-spot-ls-500-featuring-marvels-black-panther/
2018,https://www.superbowl-ads.com/groupon-2018-super-bowl-commercial-who-wouldnt/
2018,https://www.superbowl-ads.com/natural-light-super-bowl-commercial/
2018,https://www.superbowl-ads.com/bud-light-ye-olde-pep-talk/
2018,https://www.superbowl-ads.com/taps-super-bowl-commercial-water-org-stella-artois/
2017,https://www.superbowl-ads.com/superbowl-ads-com-top-5-ads-of-2017-super-bowl-li/
2017,https://www.superbowl-ads.com/2017-febreze-super-bowl-51-li-tv-commercial-bathroom-break/
2017,https://www.superbowl-ads.com/2017-t-mobile-super-bowl-51-li-tv-commercial-unlimited-moves-justin-bieber/
2017,https://www.superbowl-ads.com/2017-weathertech-super-bowl-51-li-tv-commercial-tech-team/
2017,https://www.superbowl-ads.com/2017-budweiser-super-bowl-51-li-tv-commercial-born-hard-way/
2017,https://www.superbowl-ads.com/2017-sprint-super-bowl-51-li-tv-commercial-extreme-measures/
2017,https://www.superbowl-ads.com/2017-wendys-super-bowl-51-li-tv-commercial-cold-storage/
2017,https://www.superbowl-ads.com/2017-kia-super-bowl-51-li-tv-commercial-heros-journey-starring-melissa-mccarthy/
2017,https://www.superbowl-ads.com/2017-avocados-mexico-super-bowl-51-li-tv-commercial-secret-society/
2017,https://www.superbowl-ads.com/2017-audi-super-bowl-51-li-tv-commercial-daughter/
2017,https://www.superbowl-ads.com/2017-buick-super-bowl-51-li-tv-commercial-cam-newton-miranda-kerr/
2017,https://www.superbowl-ads.com/2017-busch-beer-super-bowl-51-li-tv-commercial-buschhhhh/
2017,https://www.superbowl-ads.com/2017-yellow-tail-super-bowl-51-li-tv-commercial/
2017,https://www.superbowl-ads.com/2017-fiji-water-super-bowl-51-li-tv-commercial-natures-gift/
2017,https://www.superbowl-ads.com/2017-mr-clean-super-bowl-51-li-tv-commercial-cleaner-dreams/
2017,https://www.superbowl-ads.com/2017-gnc-super-bowl-51-li-tv-commercial-courage-change/
2017,https://www.superbowl-ads.com/2017-turbo-tax-super-bowl-51-li-tv-commercial-humpty-hospital/
2017,https://www.superbowl-ads.com/2017-beats-dre-super-bowl-51-li-tv-commercial-heard/
2017,https://www.superbowl-ads.com/2017-lifewtr-super-bowl-51-li-tv-commercial-inspiration-drops/
2017,https://www.superbowl-ads.com/2017-paramount-pictures-super-bowl-51-li-tv-commercial-ghost-shell/
2017,https://www.superbowl-ads.com/2017-84-lumber-super-bowl-51-li-tv-commercial-journey-begins/
2017,https://www.superbowl-ads.com/2017-aflac-super-bowl-51-li-tv-commercial-surgery/
2017,https://www.superbowl-ads.com/2017-nfl-super-bowl-51-li-tv-commercial-super-bowl-baby-legends/
2017,https://www.superbowl-ads.com/2017-20th-century-fox-super-bowl-51-li-tv-commercial-cure-wellness-take-cure/
2017,https://www.superbowl-ads.com/2017-world-tanks-super-bowl-51-li-tv-commercial-real-awful-moms/
2017,https://www.superbowl-ads.com/2017-bethesda-softworks-super-bowl-51-li-tv-commercial-elder-scrolls-online-morrowind/
2017,https://www.superbowl-ads.com/2017-nfl-super-bowl-51-li-tv-commercial-inside-lines/
2017,https://www.superbowl-ads.com/2017-paramount-pictures-super-bowl-51-li-tv-commercial-transformers-last-knight/
2017,https://www.superbowl-ads.com/2017-comedy-central-super-bowl-51-li-tv-commercial-hello-detroit-detroiters/
2017,https://www.superbowl-ads.com/2017-mcdonalds-super-bowl-51-li-tv-commercial-theres-big-mac/
2017,https://www.superbowl-ads.com/2017-marvel-entertainment-super-bowl-51-li-tv-commercial-guardians-galaxy/
2017,https://www.superbowl-ads.com/2017-airbnb-super-bowl-51-li-tv-commercial-accept/
2017,https://www.superbowl-ads.com/2017-mobile-strike-super-bowl-51-li-tv-commercial-arnolds-one-liners/
2017,https://www.superbowl-ads.com/2017-hr-block-super-bowl-51-li-tv-commercial-future-ibm-watson/
2017,https://www.superbowl-ads.com/2017-disney-super-bowl-51-li-tv-commercial-pirates-caribbeandead-men-tell-no-tales/
2017,https://www.superbowl-ads.com/2017-20th-century-fox-super-bowl-51-li-tv-commercial-logan-grace/
2017,https://www.superbowl-ads.com/2017-bai-super-bowl-51-li-tv-commercial-starring-justin-timberlake-christopher-walken/
2017,https://www.superbowl-ads.com/2017-lexus-super-bowl-51-li-tv-commercial-man-machine/
2017,https://www.superbowl-ads.com/2017-universal-pictures-super-bowl-51-li-tv-commercial-fate-furious/
2017,https://www.superbowl-ads.com/2017-persil-proclean-super-bowl-51-li-tv-commercial-science-clean/
2017,https://www.superbowl-ads.com/2017-netflix-super-bowl-51-li-tv-commercial-stranger-things-2/
2017,https://www.superbowl-ads.com/2017-alfa-romeo-giulia-super-bowl-51-li-tv-commercial-dear-predictable/
2017,https://www.superbowl-ads.com/2017-paramount-pictures-super-bowl-51-li-tv-commercial-baywatch/
2017,https://www.superbowl-ads.com/2017-t-mobile-super-bowl-51-li-tv-commercialnsfwireless-kristen-schaal/
2017,https://www.superbowl-ads.com/2017-snickers-super-bowl-51-li-live-super-bowl-commercial/
2017,https://www.superbowl-ads.com/2017-hyundai-super-bowl-51-li-tv-commercial-better-super-bowl/
2017,https://www.superbowl-ads.com/36867-2/
2016,https://www.superbowl-ads.com/superbowl-ads-com-top-5-ads-of-2016-super-bowl-50/
2016,https://www.superbowl-ads.com/universal-pictures-2016-super-bowl-50-ad-the-secret-life-of-pets/
2016,https://www.superbowl-ads.com/colgate-2016-super-bowl-50-ad-every-drop-counts/
2016,https://www.superbowl-ads.com/20523-2/
2016,https://www.superbowl-ads.com/budweiser-2016-super-bowl-50-ad-simply-put/
2016,https://www.superbowl-ads.com/20517-2/
2016,https://www.superbowl-ads.com/t-mobile-2016-super-bowl-50-ad-restricted-bling/
2016,https://www.superbowl-ads.com/kia-optima-2016-super-bowl-50-ad-walken-closet/
2016,https://www.superbowl-ads.com/jeep-2016-super-bowl-50-ad-4x4ever/
2016,https://www.superbowl-ads.com/axe-2016-super-bowl-50-ad-find-magic/
2016,https://www.superbowl-ads.com/showtime-super-bowl-50-ad-every-series-entire-seasons-now-streaming/
2016,https://www.superbowl-ads.com/disney-2016-super-bowl-50-ad-jungle-book/
2016,https://www.superbowl-ads.com/fitbit-blaze-2016-super-bowl-50-ad-dualities/
2016,https://www.superbowl-ads.com/budweiser-2016-super-bowl-50-ad-not-backing/
2016,https://www.superbowl-ads.com/honda-ridgeline-2016-super-bowl-50-ad-new-truck-love/
2016,https://www.superbowl-ads.com/heinz-ketchup-2016-super-bowl-50-ad-wiener-stampede/
2016,https://www.superbowl-ads.com/wix-com-2016-super-bowl-50-ad-start-stunning/
2016,https://www.superbowl-ads.com/20484-2/
2016,https://www.superbowl-ads.com/20th-century-fox-2016-super-bowl-50-ad-x-men-apocalypse/
2016,https://www.superbowl-ads.com/intuit-2016-super-bowl-50-ad-death-wish-coffee-storms-brewin/
2016,https://www.superbowl-ads.com/lg-2016-super-bowl-50-ad-man-future/
2016,https://www.superbowl-ads.com/turbotax-2016-super-bowl-50-ad-never-a-sellout/
2016,https://www.superbowl-ads.com/astrazeneca-2016-super-bowl-50-ad-oicisdifferent-com-envy/
2016,https://www.superbowl-ads.com/pokemon-2016-super-bowl-50-ad-i-can-do-that/
2016,https://www.superbowl-ads.com/mini-2016-super-bowl-50-ad-defy-labels/
2016,https://www.superbowl-ads.com/doritos-2016-super-bowl-50-ad-doritos-dogs/
2016,https://www.superbowl-ads.com/no-mores-2016-super-bowl-50-ad-text-talk/
2016,https://www.superbowl-ads.com/jeep-2016-super-bowl-50-ad-portraits/
2016,https://www.superbowl-ads.com/amazon-echo-2016-super-bowl-50-ad-baldwin-bowl-party/
2016,https://www.superbowl-ads.com/pepsi-2016-super-bowl-50-ad-joy-pepsi/
2016,https://www.superbowl-ads.com/shock-top-2016-super-bowl-50-ad-unfiltered-talk/
2016,https://www.superbowl-ads.com/pokemon-2016-super-bowl-50-ad-20-years-2/
2016,https://www.superbowl-ads.com/pokemon-2016-super-bowl-50-ad-20-years/
2016,https://www.superbowl-ads.com/weathertech-2016-super-bowl-50-ad-resources/
2016,https://www.superbowl-ads.com/coca-cola-mini-2016-super-bowl-50-ad-hulk-vs-ant-man/
2016,https://www.superbowl-ads.com/persil-proclean-2016-super-bowl-50-ad-americas-1-rated/
2016,https://www.superbowl-ads.com/mobile-strike-2016-super-bowl-50-ad-arnolds-fight/
2016,https://www.superbowl-ads.com/20410-2/
2016,https://www.superbowl-ads.com/paramount-pictures-2016-super-bowl-50-ad-teenage-mutant-ninja-turtles-out-of-the-shadows/
2016,https://www.superbowl-ads.com/hyundai-2016-super-bowl-50-ad-ryanville/
2016,https://www.superbowl-ads.com/skittles-2016-super-bowl-50-ad-the-portrait/
2016,https://www.superbowl-ads.com/bud-light-2016-super-bowl-50-ad-the-bud-light-party/
2016,https://www.superbowl-ads.com/universal-pictures-2016-super-bowl-50-ad-jason-borne-first-look/
2016,https://www.superbowl-ads.com/quicken-loans-2016-super-bowl-50-ad-thinking/
2016,https://www.superbowl-ads.com/acura-nsx-2016-super-bowl-50-ad-said/
2016,https://www.superbowl-ads.com/buick-2016-super-bowl-50-ad-cascada-convertible/
2016,https://www.superbowl-ads.com/advil-2016-super-bowl-50-ad-distant-memory/
2016,https://www.superbowl-ads.com/taco-bell-2016-super-bowl-50-ad-cncncnc/
2016,https://www.superbowl-ads.com/squarespace-2016-super-bowl-50-ad-real-talk-with-key-and-peele/
2016,https://www.superbowl-ads.com/cocococo-2016-super-bowl-50-ad-cncncnc/
2015,https://www.superbowl-ads.com/superbowl-ads-com-top-5-ads-of-2015-super-bowl-xlix/
2015,https://www.superbowl-ads.com/turbotax-2015-super-bowl-xlix-ad-boston-tea-party/
2015,https://www.superbowl-ads.com/sprint-2015-super-bowl-xlix-ad-super-apology/
2015,https://www.superbowl-ads.com/nbc-sports-2015-super-bowl-xlix-ad-america-start-your-engines-featuring-nick-offerman/
2015,https://www.superbowl-ads.com/nbc-2015-super-bowl-xlix-ad-heroes-reborn-the-aurora/
2015,https://www.superbowl-ads.com/2015-coca-cola-make-it-happy/
2015,https://www.superbowl-ads.com/universal-pictures-2015-super-bowl-xlix-ad-ted-2/
2015,https://www.superbowl-ads.com/doritos-2015-super-bowl-xlix-ad-when-pigs-fly/
2015,https://www.superbowl-ads.com/dove-mencare-2015-super-bowl-xlix-ad-realstrength/
2015,https://www.superbowl-ads.com/weight-watchers-2015-super-bowl-xlix-ad-all-you-can-eat/
2015,https://www.superbowl-ads.com/universal-pictures-2015-super-bowl-xlix-ad-fast-and-furious-7/
2015,https://www.superbowl-ads.com/2015-snickers-brady-bunch/
2015,https://www.superbowl-ads.com/nbc-2015-super-bowl-xlix-ad-the-voice-epic-confrontation/
2015,https://www.superbowl-ads.com/t-mobile-2015-super-bowl-xlix-ad-one-up-sarah-silverman-chelsea-handler/
2015,https://www.superbowl-ads.com/jeep-renegade-2015-super-bowl-xlix-ad-beautiful-lands/
2015,https://www.superbowl-ads.com/dodge-2015-super-bowl-xlix-ad-wisdom/
2015,https://www.superbowl-ads.com/budweiser-2015-super-bowl-xlix-ad-brewed-the-hard-way/
2015,https://www.superbowl-ads.com/toyota-camry-2015-super-bowl-xlix-ad-my-bold-dad/
2015,https://www.superbowl-ads.com/pepsi-2015-super-bowl-xlix-ad-halftime-touches-down/
2015,https://www.superbowl-ads.com/nationwide-2015-super-bowl-xlix-ad-make-safe-happen/
2015,https://www.superbowl-ads.com/nationwide-2015-super-bowl-xlix-ad-invisible-mindy-kaling/
2015,https://www.superbowl-ads.com/esurance-2015-super-bowl-xlix-ad-say-my-name/
2015,https://www.superbowl-ads.com/esurance-2015-super-bowl-xlix-ad-sorta-your-mom/
2015,https://www.superbowl-ads.com/carnival-cruise-lines-2015-super-bowl-xlix-ad-come-back-to-the-sea/
2015,https://www.superbowl-ads.com/universal-pictures-2015-super-bowl-xlix-ad-jurassic-world/
2015,https://www.superbowl-ads.com/chevrolet-colorado-2015-super-bowl-xlix-ad-4g-lte-wi-fi/
2015,https://www.superbowl-ads.com/chevrolet-colorado-2015-super-bowl-xlix-ad-sexier/
2015,https://www.superbowl-ads.com/2015-toyoya-defying-the-odds-with-amy-purdy/
2015,https://www.superbowl-ads.com/2015-microsoft-estellas-brilliant-bus/
2015,https://www.superbowl-ads.com/2015-wix-itsthateasy/
2015,https://www.superbowl-ads.com/2015-mophie-all-powerless/
2015,https://www.superbowl-ads.com/2015-eat24-hangry-with-snoop-dog-gilbert-gottfried/
2015,https://www.superbowl-ads.com/2015-skechers-with-pete-rose/
2015,https://www.superbowl-ads.com/2015-clash-of-clans-revenge/
2015,https://www.superbowl-ads.com/2015-lexus-rc2-lets-play/
2015,https://www.superbowl-ads.com/2015-budweiser-clydesdale-beer-run/
2015,https://www.superbowl-ads.com/2015-universal-pictures-minions/
2015,https://www.superbowl-ads.com/2015-doritos-cheesy-pirates/
2015,https://www.superbowl-ads.com/2015-universal-fifty-shades-of-grey/
2015,https://www.superbowl-ads.com/2015-loctite-glue-positive-feelings/
2015,https://www.superbowl-ads.com/2015-microsoft-braylon-oneill/
2015,https://www.superbowl-ads.com/2015-victorias-secret/
2015,https://www.superbowl-ads.com/2015-budweiser-lost-dog/
2015,https://www.superbowl-ads.com/2015-doritos-middle-seat/
2015,https://www.superbowl-ads.com/2015-godaddy-working/
2015,https://www.superbowl-ads.com/2015-universal-pitch-perfect-2/
2015,https://www.superbowl-ads.com/2015-game-of-war-who-i-am-with-kate-upton/
2015,https://www.superbowl-ads.com/2015-kia-sorento-the-perfect-getaway-with-pierce-brosnan/
2015,https://www.superbowl-ads.com/michael-hill-2015-super-bowl-xlix-ad-what-would-you-do-for-love/
2015,https://www.superbowl-ads.com/grubhub-2015-super-bowl-xlix-ad-because-burrito/
2014,https://www.superbowl-ads.com/superbowl-ads-com-top-5-ads-of-2014-super-bowl-xlviii/
2014,https://www.superbowl-ads.com/2014-dannon-oikos-the-spill/
2014,https://www.superbowl-ads.com/2014-godaddy-bodybuilders/
2014,https://www.superbowl-ads.com/nfl-now/
2014,https://www.superbowl-ads.com/2014-geico-maxwell-at-dmv/
2014,https://www.superbowl-ads.com/2014-american-family-longlivedreams/
2014,https://www.superbowl-ads.com/2014-bud-light-cool-twist/
2014,https://www.superbowl-ads.com/2014-kia-the-truth/
2014,https://www.superbowl-ads.com/2014-bud-light-up-for-whatever-1/
2014,https://www.superbowl-ads.com/2014-toyota-highlander-no-room-for-boring/
2014,https://www.superbowl-ads.com/2014-chevy-super-bowl-commercial-life-purpleyourprofile-chevrolet/
2014,https://www.superbowl-ads.com/2014-duracell-trust-your-power/
2014,https://www.superbowl-ads.com/2014-gopro-red-bull-stratos/
2014,https://www.superbowl-ads.com/2014-hyundai-genesis-dads-sixth-sense/
2014,https://www.superbowl-ads.com/2014-doritos-cowboy-kid/
2014,https://www.superbowl-ads.com/2014-coca-cola-its-beautiful/
2014,https://www.superbowl-ads.com/2014-chrysler-americas-import-with-bob-dylan/
2014,https://www.superbowl-ads.com/2014-chobani-bear/
2014,https://www.superbowl-ads.com/2014-chevy-silverado-romance/
2014,https://www.superbowl-ads.com/2014-cheerios-gracie/
2014,https://www.superbowl-ads.com/2014-carmax-slow-clap/
2014,https://www.superbowl-ads.com/2014-butterfinger-cups/
2014,https://www.superbowl-ads.com/2014-budweiser-a-heros-welcome/
2014,https://www.superbowl-ads.com/2014-bud-light-up-for-whatever-2/
2014,https://www.superbowl-ads.com/2014-axe-make-love-not-war/
2014,https://www.superbowl-ads.com/2014-audi-doberhuahua/
2014,https://www.superbowl-ads.com/2014-maserati-ghibli-strike/
2014,https://www.superbowl-ads.com/2014-dreamworks-need-for-speed/
2014,https://www.superbowl-ads.com/2014-budweiser-puppy-love/
2014,https://www.superbowl-ads.com/2014-labatt-blue-undomesticated-snowboarding/
2014,https://www.superbowl-ads.com/2014-heinz-ketchup-hum/
2014,https://www.superbowl-ads.com/2014-squarespace-a-better-web-awaits/
2014,https://www.superbowl-ads.com/2014-sonos-face-off/
2014,https://www.superbowl-ads.com/2014-godaddy-puppet-master/
2014,https://www.superbowl-ads.com/2014-sodastream-sorry-coke-pepsi/
2014,https://www.superbowl-ads.com/2014-sony-the-amazing-spiderman-2/
2014,https://www.superbowl-ads.com/2014-coca-going-all-the-way/
2014,https://www.superbowl-ads.com/2014-paramount-pictures-transformers-age-of-extinction/
2014,https://www.superbowl-ads.com/2014-jaguar-british-villains-rendezvous/
2014,https://www.superbowl-ads.com/2014-time-warner-cable-grandmas-house/
2014,https://www.superbowl-ads.com/2014-doritos-time-machine/
2014,https://www.superbowl-ads.com/2014-turbotax-love-hurts/
2014,https://www.superbowl-ads.com/2014-wonderful-pistachios-stephen-colbert-2/
2014,https://www.superbowl-ads.com/2014-tmobile-still-no-contract-with-tebow/
2014,https://www.superbowl-ads.com/2014-tmobile-no-contract-with-tebow/
2014,https://www.superbowl-ads.com/2014-tmobile-we-killed-long-term-contract/
2014,https://www.superbowl-ads.com/2014-smart-electric-drive-offroad/
2014,https://www.superbowl-ads.com/2014-radioshack-phone-call/
2014,https://www.superbowl-ads.com/2014-mms-delivery/
2014,https://www.superbowl-ads.com/2014-intuit-come-on-bring-the-toys/
2013,https://www.superbowl-ads.com/paramount-pictures-the-dictator-super-bowl-spot/
2013,https://www.superbowl-ads.com/superbowl-ads-com-top-5-ads-of-2013-super-bowl-xlvii/
2013,https://www.superbowl-ads.com/2013-tide-miracle-stain/
2013,https://www.superbowl-ads.com/video-jeep-2013-super-bowl-xlvii-ad-whole-again-with-oprah-winfrey/
2013,https://www.superbowl-ads.com/video-milkpep-2013-super-bowl-xlvii-commercial-morning-run/
2013,https://www.superbowl-ads.com/2013-audi-prom/
2013,https://www.superbowl-ads.com/video-paramount-pictures-2013-super-bowl-ad-star-trek-into-darkness/
2013,https://www.superbowl-ads.com/video-bud-light-2013-super-bowl-xlvii-ad-journey/
2013,https://www.superbowl-ads.com/video-cars-com-2013-super-bowl-xlvii-commercial-wolf/
2013,https://www.superbowl-ads.com/video-calvin-klein-2013-super-bowl-commercial-concept-underwear/
2013,https://www.superbowl-ads.com/video-universal-2013-super-bowl-xlvii-ad-fast-and-furious-6/
2013,https://www.superbowl-ads.com/video-disney-pictures-2013-super-bowl-xlvii-ad-oz-the-great-and-powerful/
2013,https://www.superbowl-ads.com/video-tide-2013-super-bowl-xlvii-commercial-miracle-stain/
2013,https://www.superbowl-ads.com/video-budweiser-black-crown-2013-super-bowl-xlvii-ad-celebration/
2013,https://www.superbowl-ads.com/video-doritos-2013-super-bowl-xlvii-ad-fashionista-daddy/
2013,https://www.superbowl-ads.com/video-doritos-2013-super-bowl-xlvii-commercial-goat-for-sale/
2013,https://www.superbowl-ads.com/video-budweiser-black-crown-2013-super-bowl-xlvii-ad-coronation/
2013,https://www.superbowl-ads.com/video-bud-light-2013-super-bowl-xlvii-commercial-lucky-chair/
2013,https://www.superbowl-ads.com/video-wonderful-pistachios-super-bowl-xlvii-with-psy-get-crackin-gangam-style/
2013,https://www.superbowl-ads.com/video-dodge-ram-trucks-2013-super-bowl-xlvii-ad-god-made-a-farmer/
2013,https://www.superbowl-ads.com/2013-becks-sapphire-fish/
2013,https://www.superbowl-ads.com/video-best-buy-2013-super-bowl-xlvii-ad-with-amy-poehler-questions/
2013,https://www.superbowl-ads.com/video-mms-2013-super-bowl-xlvii-ad-anything-for-love/
2013,https://www.superbowl-ads.com/video-oreo-2013-super-bowl-xlvii-ad-whisper-fight/
2013,https://www.superbowl-ads.com/video-paramount-2013-super-bowl-ad-for-world-war-z-with-brad-pitt/
2013,https://www.superbowl-ads.com/video-samsung-2013-super-bowl-xlvii-commercial-the-next-big-thing/
2013,https://www.superbowl-ads.com/video-lincoln-mkz-2013-super-bowl-xlvii-ad-teaser-phoenix/
2013,https://www.superbowl-ads.com/video-etrade-baby-2013-super-bowl-xlvii-commercial-save-it/
2013,https://www.superbowl-ads.com/video-gildan-2013-super-bowl-xlvii-ad-getaway/
2013,https://www.superbowl-ads.com/video-lincoln-2013-super-bowl-xlvii-ad-once-upon-a-tweet/
2013,https://www.superbowl-ads.com/video-kia-forte-2013-super-bowl-xlvii-commercial-hot-bots/
2013,https://www.superbowl-ads.com/video-go-daddy-2013-super-bowl-xlvii-ad-perfect-match/
2013,https://www.superbowl-ads.com/video-sodastream-2013-super-bowl-xlvii-commercial-sodastream-effect/
2013,https://www.superbowl-ads.com/video-samsung-2013-super-bowl-xlvii-teaser-el-plato-supreme/
2013,https://www.superbowl-ads.com/video-allstates-post-game-super-bowl-xlvii-mayhem-apple-commercial/
2013,https://www.superbowl-ads.com/video-speed-stick-2013-super-bowl-xlvii-ad-unattended-laundry/
2013,https://www.superbowl-ads.com/video-budweiser-2013-super-bowl-xlvii-ad-the-clydesdales-brotherhood/
2013,https://www.superbowl-ads.com/video-2013-kia-super-bowl-xlvii-commercial-space-babies/
2013,https://www.superbowl-ads.com/video-mercedes-benz-2013-super-bowl-xlvii-commercial-soul/
2013,https://www.superbowl-ads.com/video-hyundai-2013-super-bowl-xlvii-ad-santafe-team/
2013,https://www.superbowl-ads.com/video-hyundai-2013-super-bowl-xlvii-ad-epic-playdate/
2013,https://www.superbowl-ads.com/video-2013-pepsi-next-super-bowl-xlvii-commercial-party/
2013,https://www.superbowl-ads.com/video-taco-bell-releases-2013-super-bowl-xlvii-commercial-viva-young/
2013,https://www.superbowl-ads.com/video-2013-hyundai-genesis-super-bowl-xlvii-commercial/
2013,https://www.superbowl-ads.com/video-2013-century-21-super-bowl-xlvii-commercial-wedding/
2013,https://www.superbowl-ads.com/video-2013-hyundai-sonata-turbo-super-bowl-xlvii-stuck/
2012,https://www.superbowl-ads.com/superbowl-ads-com-top-5-ads-of-2012-super-bowl-xlvi/
2012,https://www.superbowl-ads.com/2012-chrysler-halftime-in-america-with-clint-eastwood/
2012,https://www.superbowl-ads.com/2012-doritos-sling-baby/
2012,https://www.superbowl-ads.com/2012-volkswagen-dog-strikes-back/
2012,https://www.superbowl-ads.com/2012-lucasfilm-ltd-episode-1-the-phantom-menace/
2012,https://www.superbowl-ads.com/2012-samsung-thing-called-love/
2012,https://www.superbowl-ads.com/2012-acura-transactions-with-jerry-seinfeld/
2012,https://www.superbowl-ads.com/2012-nfl-timeline/
2012,https://www.superbowl-ads.com/2012-lexus-unleash-the-beast/
2012,https://www.superbowl-ads.com/2012-honda-crv-matthews-day-off/
2012,https://www.superbowl-ads.com/2012-godaddy-body-paint/
2012,https://www.superbowl-ads.com/2012-doritos-mans-best-friend/
2012,https://www.superbowl-ads.com/2012-dannon-oikos-the-tease-with-john-stamos/
2012,https://www.superbowl-ads.com/2012-coca-cola-catch-ne-bear/
2012,https://www.superbowl-ads.com/2012-coca-cola-arghh-ny-bear/
2012,https://www.superbowl-ads.com/2012-chevrolet-happy-grad/
2012,https://www.superbowl-ads.com/2012-budweiser-return-of-the-king/
2012,https://www.superbowl-ads.com/2012-bud-light-rescue-dog/
2012,https://www.superbowl-ads.com/2012-bud-light-platinum-factory/
2012,https://www.superbowl-ads.com/2012-bridgestone-performance-basketball/
2012,https://www.superbowl-ads.com/2012-bridgestone-performance-football/
2012,https://www.superbowl-ads.com/2012-hm-david-beckham-bodywear/
2012,https://www.superbowl-ads.com/2012-skechers-mr-quiggly/
2012,https://www.superbowl-ads.com/2012-budweiser-eternal-optimism/
2012,https://www.superbowl-ads.com/2012-disney-john-carter/
2012,https://www.superbowl-ads.com/2012-marvel-the-avengers/
2012,https://www.superbowl-ads.com/2012-kia-optima-drive-the-dream-extended-version/
2012,https://www.superbowl-ads.com/2012-toyota-camry-its-reinvented/
2012,https://www.superbowl-ads.com/2012-taxact-free-to-pee/
2012,https://www.superbowl-ads.com/2012-relativity-act-of-valor/
2012,https://www.superbowl-ads.com/2012-pepsi-kings-court/
2012,https://www.superbowl-ads.com/2012-paramount-gi-joe-retaliation/
2012,https://www.superbowl-ads.com/2012-metlife-everyone/
2012,https://www.superbowl-ads.com/2012-mms-just-my-shell/
2012,https://www.superbowl-ads.com/2012-hyundai-genesis-heart/
2012,https://www.superbowl-ads.com/2012-history-channel-swamp-people/
2012,https://www.superbowl-ads.com/2012-etrade-fatherhood/
2012,https://www.superbowl-ads.com/2012-cars-com-confident-you/
2012,https://www.superbowl-ads.com/2012-cadillac-ats-green-hell/
2012,https://www.superbowl-ads.com/2012-audi-vampire-party/
2012,https://www.superbowl-ads.com/2012-chevrolet-super-bowl-xlvi-2012-chevy-silverado/
2012,https://www.superbowl-ads.com/2012-teleflora-super-bowl-xlvi-adriana-lima/
2012,https://www.superbowl-ads.com/2012-paramount-pictures-g-i-joe-retaliation/
2012,https://www.superbowl-ads.com/2012-coca-cola-superstition/
2011,https://www.superbowl-ads.com/superbowl-ads-com-top-5-ads-of-2011-super-bowl-xlv/
2011,https://www.superbowl-ads.com/2011-chevy-cruze-status/
2011,https://www.superbowl-ads.com/2011-fox-rio/
2011,https://www.superbowl-ads.com/2011-chevy-silverado-tommy/
2011,https://www.superbowl-ads.com/2011-chevy-cruze-misunderstanding/
2011,https://www.superbowl-ads.com/2011-carmax-kid-in-a-candy-store/
2011,https://www.superbowl-ads.com/2011-bmw-defying-logic/
2011,https://www.superbowl-ads.com/2011-best-buy-ozzy-and-bieber/
2011,https://www.superbowl-ads.com/volkswagen-super-bowl-xlv-commercial-the-force/
2011,https://www.superbowl-ads.com/2011-universal-pictures-fast-five/
2011,https://www.superbowl-ads.com/2011-marvel-thor/
2011,https://www.superbowl-ads.com/2011-motorola-empower-the-people/
2011,https://www.superbowl-ads.com/2011-snickers-logging-with-richard-lewis-and-roseanne-barr/
2011,https://www.superbowl-ads.com/2011-nfl-best-fans-ever/
2011,https://www.superbowl-ads.com/2011-skechers-the-breakup-with-kim-kardashian/
2011,https://www.superbowl-ads.com/2011-chrysler-imported-from-detroit-2/
2011,https://www.superbowl-ads.com/2011-coca-cola-border/
2011,https://www.superbowl-ads.com/2011-coca-cola-siege/
2011,https://www.superbowl-ads.com/2011-doritos-pug-attack/
2011,https://www.superbowl-ads.com/cowboys-aliens-super-bowl-xlv-commercial-video/
2011,https://www.superbowl-ads.com/2011-mini-cram-it-in-the-boot/
2011,https://www.superbowl-ads.com/2011-pepsi-max-love-hurts/
2011,https://www.superbowl-ads.com/2011-relativity-media-limitless/
2011,https://www.superbowl-ads.com/2011-sony-ericsson-xperia-ready-to-play/
2011,https://www.superbowl-ads.com/2011-marvel-captain-america-the-first-avenger/
2011,https://www.superbowl-ads.com/2011-chatter-com-baby-peas-with-will-i-am/
2011,https://www.superbowl-ads.com/2011-bmw-x3-super-bowl-xlv-commercial-possibilities-video/
2011,https://www.superbowl-ads.com/2011-chatter-com-baby-peas-with-will-i-am-pt2/
2011,https://www.superbowl-ads.com/2011-bud-light-dog-sitter/
2011,https://www.superbowl-ads.com/2011-kia-optima-one-epic-ride-super-bowl-xlv-commercial/
2011,https://www.superbowl-ads.com/2011-hyundai-super-bowl-commercial-anachronistic-city-video/
2011,https://www.superbowl-ads.com/2011-hyundai-super-bowl-commercial-hypnotized-video/
2011,https://www.superbowl-ads.com/2011-hyundai-super-bowl-commercial-deprogramming-video/
2011,https://www.superbowl-ads.com/2011-volkswagen-super-bowl-xlv-commercial-black-beetle/
2011,https://www.superbowl-ads.com/2011-chevrolet-super-bowl-xlv-commercial-bumblebee/
2011,https://www.superbowl-ads.com/2011-audi-super-bowl-xlv-teaser-ad-video/
2011,https://www.superbowl-ads.com/homeaway-2011-super-bowl-ad-test-baby-ministry-of-detourism-video/
2011,https://www.superbowl-ads.com/careerbuilder-2011-super-bowl-commercial-between/
2011,https://www.superbowl-ads.com/go-daddys-2011-super-bowl-commercial-the-contract/
2011,https://www.superbowl-ads.com/cars-com-2011-super-bowl-commercial-the-reviews-are-in/
2011,https://www.superbowl-ads.com/cars-com-super-bowl-commercial-go-first/
2011,https://www.superbowl-ads.com/2011-snickers-logging-teaser-ad/
2010,https://www.superbowl-ads.com/superbowl-ads-com-top-5-ads-of-2010-super-bowl-xliv/
2010,https://www.superbowl-ads.com/hd-exclusive-dove-for-men-2010-super-bowl-44-xliv-commercial-ad/
2010,https://www.superbowl-ads.com/hd-exclusive-doritos-samurai-2010-super-bowl-44-xliv-commercial-ad/
2010,https://www.superbowl-ads.com/hd-exclusive-trutv-super-bowl-ad-with-troy-punxsutawney-polamalu/
2010,https://www.superbowl-ads.com/hd-exclusive-taco-bell-it-rocks-it-rocks-2010-super-bowl-44-xliv-commercial-ad/
2010,https://www.superbowl-ads.com/hd-exclusive-michelob-ultra-little-bumps-2010-super-bowl-44-xliv-commercial-ad/
2010,https://www.superbowl-ads.com/hd-exclusive-kias-big-game-commercial-2010-super-bowl-44-xliv-ad/
2010,https://www.superbowl-ads.com/hd-exclusive-dennys-chickens-across-america-2010-super-bowl-44-xliv-commercial-ad/
2010,https://www.superbowl-ads.com/hd-exclusive-dennys-chicken-warning-2010-super-bowl-44-xliv-commercial-ad/
2010,https://www.superbowl-ads.com/hd-exclusive-david-letterman-jay-leno-oprah-2010-super-bowl-44-xliv-commercial-ad/
2010,https://www.superbowl-ads.com/hd-exclusive-timothy-richman-cars-com-2010-super-bowl-44-xliv-commercial-ad/
2010,https://www.superbowl-ads.com/hd-exclusive-stranded-budweiser-2010-super-bowl-44-xliv-commercial-ad/
2010,https://www.superbowl-ads.com/hd-exclusive-homeaways-hotel-griswolds-2010-super-bowl-44-xliv-commercial-ad/
2010,https://www.superbowl-ads.com/hd-exclusive-casket-funeral-doritos-2010-super-bowl-44-xliv-commercial-ad/
2010,https://www.superbowl-ads.com/hd-exclusive-budweiser-body-bridge-2010-super-bowl-44-xliv-commercial-ad/
2010,https://www.superbowl-ads.com/hd-exclusive-bridgestone-bachelor-party-2010-super-bowl-44-xliv-commercial-ad/
2010,https://www.superbowl-ads.com/hd-exclusive-kgb-sumo-wrestling-2010-superbowl-44-xliv-commercial-ad/
2010,https://www.superbowl-ads.com/hd-exclusive-e-trade-baby-girlfriend-2010-superbowl-44-xliv-commercial-ad/
2010,https://www.superbowl-ads.com/hd-exclusive-e-trade-baby-first-class-2010-super-bowl-44-xliv-commercial-ad/
2010,https://www.superbowl-ads.com/2010-dr-pepper-little-kiss/
2010,https://www.superbowl-ads.com/hd-exclusive-e-trade-baby-tears-2010-superbowl-44-xliv-commercial-ad/
2010,https://www.superbowl-ads.com/hd-exclusive-motorola-megan-fox-sexy-2010-super-bowl-44-xliv-commercial-ad/
2010,https://www.superbowl-ads.com/hd-exclusive-bud-light-auto-tune-t-pain-2010-superbowl-44-xliv-commercial-ad/
2010,https://www.superbowl-ads.com/hd-exclusive-beaver-monster-com-violinist-2010-superbowl-44-xliv-commercial-ad/
2010,https://www.superbowl-ads.com/hd-exclusive-bud-light-scientist-2010-superbowl-44-xliv-commercial-ad/
2010,https://www.superbowl-ads.com/hd-exclusive-career-builder-casual-friday-2010-superbowl-44-xliv-commercial-ad/
2010,https://www.superbowl-ads.com/hd-exclusive-gatorade-the-journey-super-bowl-xliv-commercial-2010-ad/
2010,https://www.superbowl-ads.com/volkswagen-punchdub-super-bowl-commercial-2010/
2010,https://www.superbowl-ads.com/hd-exclusive-the-last-airbender-super-bowl-44-xliv-2010-commercial-ad/
2010,https://www.superbowl-ads.com/hd-exclusive-snickers-super-bowl-xliv-44-2010-commercial-with-betty-white-and-abe-vigoda-ad/
2010,https://www.superbowl-ads.com/2010-google-parisian-love/
2010,https://www.superbowl-ads.com/hd-exclusive-dog-shock-collar-doritos-commercial-super-bowl-44-2010-super-bowl-xliv/
2010,https://www.superbowl-ads.com/hd-exclusive-2010-super-bowl-xliv-commercial-with-brett-favre-hyundai-commercial/
2010,https://www.superbowl-ads.com/flotv-my-generation-superbowl-commercial/
2010,https://www.superbowl-ads.com/green-police-audi-super-bowl-ad/
2010,https://www.superbowl-ads.com/gatorade-super-bowl-commercial-2010-the-journey/
2010,https://www.superbowl-ads.com/men-without-pants/
2010,https://www.superbowl-ads.com/hd-2010-super-bowl-commercial-new-hyundai-super-bowl-44-xliv-ad-hyundai-body-pass-2011-sonata/
2010,https://www.superbowl-ads.com/robin-hood-super-bowl-spot-outlaw/
2010,https://www.superbowl-ads.com/the-wolfman-super-bowl-spot-legend/
2010,https://www.superbowl-ads.com/the-wizarding-world-of-harry-potter-super-bowl-commercial/
2010,https://www.superbowl-ads.com/2010-nfl-best-fans-on-the-planet/
2010,https://www.superbowl-ads.com/emerald-nuts-and-pop-secret-awesomer/
2010,https://www.superbowl-ads.com/alice-in-wonderland-super-bowl-tv-spot/
2010,https://www.superbowl-ads.com/dantes-inferno-go-to-hell-super-bowl-commercial/
2010,https://www.superbowl-ads.com/2010-honda-crosstour-squirrel/
2009,https://www.superbowl-ads.com/superbowl-ads-com-top-5-ads-of-2009-super-bowl-xliii/
2009,https://www.superbowl-ads.com/2009-disney-pixar-up/
2009,https://www.superbowl-ads.com/2009-hyundai-assurance-contract/
2009,https://www.superbowl-ads.com/2009-miller-high-life-1-second-ad-super-bowl-ad/
2009,https://www.superbowl-ads.com/2009-bridgestone-hot-item/
2009,https://www.superbowl-ads.com/2009-bridgestone-sheep/
2009,https://www.superbowl-ads.com/2009-cash-4-gold-heeeres-money/
2009,https://www.superbowl-ads.com/2009-hyundai-angry-bosses/
2009,https://www.superbowl-ads.com/2009-coke-zero-mean-troy/
2009,https://www.superbowl-ads.com/2009-coca-cola-heist/
2009,https://www.superbowl-ads.com/2009-coca-cola-avatar/
2009,https://www.superbowl-ads.com/2009-kelloggs-plant-a-seed/
2009,https://www.superbowl-ads.com/2009-bud-light-skier/
2009,https://www.superbowl-ads.com/2009-doritos-power-of-the-crunch/
2009,https://www.superbowl-ads.com/2009-nbc-lmao/
2009,https://www.superbowl-ads.com/2009-doritos-crystal-ball/
2009,https://www.superbowl-ads.com/2009-careerbuilder-tips/
2009,https://www.superbowl-ads.com/2009-hulu-alec-is-alien-in-hollywood/
2009,https://www.superbowl-ads.com/2009-etrade-talking-baby/
2009,https://www.superbowl-ads.com/2009-pepsi-max-im-good/
2009,https://www.superbowl-ads.com/2009-bud-light-meeting/
2009,https://www.superbowl-ads.com/2009-monster-com-need-a-new-job-double-take/
2009,https://www.superbowl-ads.com/2009-pepsi-anthem/
2009,https://www.superbowl-ads.com/2009-taco-bell-speed-date/
2009,https://www.superbowl-ads.com/2009-dennys-serious-breakfast/
2009,https://www.superbowl-ads.com/2009-budweiser-clydesdale-plays-fetch/
2009,https://www.superbowl-ads.com/2009-sobe-lizard-lake/
2009,https://www.superbowl-ads.com/2009-doritos-new-flavor-pitch/
2009,https://www.superbowl-ads.com/2009-budweiser-clydesdales-generations/
2009,https://www.superbowl-ads.com/2009-pedigree-crazy-pets/
2009,https://www.superbowl-ads.com/2009-hr-block-death-and-taxes/
2009,https://www.superbowl-ads.com/2009-teleflora-talking-flowers/
2009,https://www.superbowl-ads.com/2009-cars-com-david-abernathy-confidence/
2009,https://www.superbowl-ads.com/2009-cheetos-spoiled-with-chester-the-cheetah/
2009,https://www.superbowl-ads.com/2009-ge-wind-energy/
2008,https://www.superbowl-ads.com/superbowl-ads-com-top-5-ads-of-2008-super-bowl-xlii/
2008,https://www.superbowl-ads.com/2008-garmin-napoleon/
2008,https://www.superbowl-ads.com/2008-bridgestone-obstacles/
2008,https://www.superbowl-ads.com/2008-bud-light-wine-cheese-party/
2008,https://www.superbowl-ads.com/2008-victorias-secret-game-is-over/
2008,https://www.superbowl-ads.com/2008-cars-com-witch-doctor/
2008,https://www.superbowl-ads.com/2008-pepsi-every-sip-with-justin-timberlake/
2008,https://www.superbowl-ads.com/2008-hyundai-genesis-luxury/
2008,https://www.superbowl-ads.com/2008-budweiser-dalmatian-trains-hank-for-team/
2008,https://www.superbowl-ads.com/2008-doritos-mouse-trap/
2008,https://www.superbowl-ads.com/2008-ice-breakers-carmen-electra/
2008,https://www.superbowl-ads.com/2008-gatorade-g2-derek-jeter/
2008,https://www.superbowl-ads.com/2008-bud-light-x-ray-vision/
2008,https://www.superbowl-ads.com/2008-bud-light-ability-to-fly/
2008,https://www.superbowl-ads.com/2008-tide-to-go-talking-stain/
2008,https://www.superbowl-ads.com/2008-fedex-carrier-pigeons/
2008,https://www.superbowl-ads.com/2008-coca-cola-political-parties/
2008,https://www.superbowl-ads.com/2008-salesgenie-com-pandas/
2008,https://www.superbowl-ads.com/2008-amp-energy-drink-tow-truck-jump/
2008,https://www.superbowl-ads.com/2008-bud-light-wheel-suck/
2008,https://www.superbowl-ads.com/2008-gatorade-g2-thirsty-dog/
2008,https://www.superbowl-ads.com/2008-bud-light-breathe-fire/
2008,https://www.superbowl-ads.com/2008-vitamin-water-shaq-jockey/
2008,https://www.superbowl-ads.com/2008-bud-light-jackie-moon-will-ferrell/
2008,https://www.superbowl-ads.com/2008-sobe-life-water-thrillicious/
2008,https://www.superbowl-ads.com/2008-under-armour-prototypes/
2008,https://www.superbowl-ads.com/2008-bridgestone-scream/
2008,https://www.superbowl-ads.com/2008-coca-cola-its-mine/
2008,https://www.superbowl-ads.com/2008-diet-pepsi-max-head-nod/
2008,https://www.superbowl-ads.com/2008-audi-r8/
2008,https://www.superbowl-ads.com/2008-bud-light-language-of-love/
2008,https://www.superbowl-ads.com/2008-e-trade-baby-spits-up/
2008,https://www.superbowl-ads.com/2008-e-trade-baby-hires-clown/
2008,https://www.superbowl-ads.com/2008-salesgenie-com-office-worker/
2008,https://www.superbowl-ads.com/2008-sunsilk-generations/
2007,https://www.superbowl-ads.com/superbowl-ads-com-top-5-ads-of-2007-super-bowl-xli/
2007,https://www.superbowl-ads.com/2007-chevrolet-stars-sing-chevy-songs/
2007,https://www.superbowl-ads.com/2007-cbs-late-show-promo-with-david-letterman-and-oprah-winfrey/
2007,https://www.superbowl-ads.com/2007-careerbuilder-training-seminar/
2007,https://www.superbowl-ads.com/2007-careerbuilder-survival-of-the-fittest/
2007,https://www.superbowl-ads.com/2007-coca-cola-happiness-factory/
2007,https://www.superbowl-ads.com/2007-coca-cola-video-game/
2007,https://www.superbowl-ads.com/2007-doritos-check-out-girl/
2007,https://www.superbowl-ads.com/2007-doritos-live-the-favor/
2007,https://www.superbowl-ads.com/2007-etrade-one-finger/
2007,https://www.superbowl-ads.com/2007-budweiser-dalmatian/
2007,https://www.superbowl-ads.com/2007-budweiser-king-crab/
2007,https://www.superbowl-ads.com/2007-budweiser-don-shula-vs-jayz/
2007,https://www.superbowl-ads.com/2007-mars-snickers-kiss/
2007,https://www.superbowl-ads.com/2007-sprint-connectile-dysfunction/
2007,https://www.superbowl-ads.com/2007-bud-light-but-he-has-bud-light/
2007,https://www.superbowl-ads.com/2007-bud-light-slap/
2007,https://www.superbowl-ads.com/2007-gm-robot/
2007,https://www.superbowl-ads.com/2007-bud-light-apes-plan/
2007,https://www.superbowl-ads.com/2007-nationwide-k-fed-rollin-vip/
2007,https://www.superbowl-ads.com/2007-bud-light-rock-scissors-paper/
2007,https://www.superbowl-ads.com/2007-bud-light-class-with-carlos-mencia/
2007,https://www.superbowl-ads.com/2007-izod-in-the-sun/
2007,https://www.superbowl-ads.com/2007-schick-quattro-titanium/
2007,https://www.superbowl-ads.com/2007-blockbuster-mouse/
2007,https://www.superbowl-ads.com/2007-sales-genie-work-smart/
2007,https://www.superbowl-ads.com/2007-taco-bell-lions/
2007,https://www.superbowl-ads.com/2007-revlon-sheryl-crow/
2007,https://www.superbowl-ads.com/2007-michelin-road-of-tomorrow/
2007,https://www.superbowl-ads.com/2007-hp-oc-choppers/
2007,https://www.superbowl-ads.com/2007-garmin-maposaurus/
2007,https://www.superbowl-ads.com/2007-emerald-nuts-robert-goulet/
2007,https://www.superbowl-ads.com/2007-king-pharmaceuticals-heart-attack/
2007,https://www.superbowl-ads.com/2007-toyota-tundra-see-saw/
2006,https://www.superbowl-ads.com/superbowl-ads-com-top-5-ads-of-2006-super-bowl-xl/
2006,https://www.superbowl-ads.com/2006-burger-king-whopperettes/
2006,https://www.superbowl-ads.com/2006-abc-addicted-to-lost/
2006,https://www.superbowl-ads.com/2006-ameriquest-airplane/
2006,https://www.superbowl-ads.com/2006-ameriquest-hospital/
2006,https://www.superbowl-ads.com/2006-bud-light-magic-fridge/
2006,https://www.superbowl-ads.com/2006-bud-light-bear-attack/
2006,https://www.superbowl-ads.com/2006-mastercard-macgyver-priceless/
2006,https://www.superbowl-ads.com/2006-budweiser-stadium-crowd-wave/
2006,https://www.superbowl-ads.com/2006-budweiser-on-the-roof/
2006,https://www.superbowl-ads.com/2006-careerbuilder-jackasses/
2006,https://www.superbowl-ads.com/2006-degree-stunt-city/
2006,https://www.superbowl-ads.com/2006-espn-sports-heaven/
2006,https://www.superbowl-ads.com/2006-diet-pepsi-jackie-chan/
2006,https://www.superbowl-ads.com/2006-dove-true-colors/
2006,https://www.superbowl-ads.com/2006-emerald-nuts-machete-enthusiasts-and-druid/
2006,https://www.superbowl-ads.com/2006-budweiser-streaker/
2006,https://www.superbowl-ads.com/2006-ford-kermit/
2006,https://www.superbowl-ads.com/2006-hummer-lil-monster/
2006,https://www.superbowl-ads.com/2006-gillette-fusion/
2006,https://www.superbowl-ads.com/2006-full-throttle-let-your-man-out/
2006,https://www.superbowl-ads.com/2006-vault-scarecrow/
2006,https://www.superbowl-ads.com/2006-motorola-pebl/
2006,https://www.superbowl-ads.com/2006-nationwide-fabio-life-comes-at-you-fast/
2006,https://www.superbowl-ads.com/2006-pizza-hut-jessica-simpson/
2006,https://www.superbowl-ads.com/2006-sierra-mist-airport-security/
2006,https://www.superbowl-ads.com/2006-united-airlines-dragon/
2006,https://www.superbowl-ads.com/2006-diet-pepsi-brown-and-bubbly/
2006,https://www.superbowl-ads.com/2006-fedex-caveman/
2006,https://www.superbowl-ads.com/2006-michelob-ultra-late-hit/
2005,https://www.superbowl-ads.com/superbowl-ads-com-top-5-ads-of-2005-super-bowl-xxxix/
2005,https://www.superbowl-ads.com/2005-careerbbuilder-titanic/
2005,https://www.superbowl-ads.com/2005-careerbuilder-whoopie-cushion/
2005,https://www.superbowl-ads.com/2005-diet-pepsi-hot-guy/
2005,https://www.superbowl-ads.com/2005-lays-potato-chips-mchammer/
2005,https://www.superbowl-ads.com/2005-emerald-nuts-exaggerating-dad/
2005,https://www.superbowl-ads.com/2005-bud-light-skydiver/
2005,https://www.superbowl-ads.com/2005-ameriquest-robbery/
2005,https://www.superbowl-ads.com/2005-fedex-with-burt-reynolds/
2005,https://www.superbowl-ads.com/2005-silestone-diana-pearl-ditka-rodman-mcmahon-perry/
2005,https://www.superbowl-ads.com/2005-honda-ridgeline-above-all/
2005,https://www.superbowl-ads.com/2005-mbna-gladys-knight-rugby/
2005,https://www.superbowl-ads.com/2005-quiznos-bobby/
2005,https://www.superbowl-ads.com/2005-bud-light-sharon/
2005,https://www.superbowl-ads.com/2005-volvo-boldly-go/
2005,https://www.superbowl-ads.com/2005-mcdonalds-lincoln-fry-pt2/
2005,https://www.superbowl-ads.com/2005-visa-check-card-icons-dinner/
2005,https://www.superbowl-ads.com/2005-verizon-vcast-miniaturization/
2005,https://www.superbowl-ads.com/2005-ford-roadhouse/
2005,https://www.superbowl-ads.com/2005-ford-mustang-green-light/
2005,https://www.superbowl-ads.com/2005-olympus-mrobe-poppin/
2005,https://www.superbowl-ads.com/2005-diet-pepsi-pdiddy/
2005,https://www.superbowl-ads.com/2005-pizza-hut-muppets/
2005,https://www.superbowl-ads.com/2005-mcdonalds-lincon-fry-pt1/
2005,https://www.superbowl-ads.com/2005-bud-light-cedric-stranded/
2005,https://www.superbowl-ads.com/2005-pepsi-song-in-a-bottle/
2005,https://www.superbowl-ads.com/2005-budweiser-tryouts/
2005,https://www.superbowl-ads.com/2005-degree-in-action-heroes/
2005,https://www.superbowl-ads.com/2005-bud-light-parrot/
2005,https://www.superbowl-ads.com/2005-michelob-rich-and-smooth/
2005,https://www.superbowl-ads.com/2005-heineken-brad-pitt-beer-run/
2005,https://www.superbowl-ads.com/2005-anheuser-busch-thank-you/
2005,https://www.superbowl-ads.com/2005-tabasco-sunburn/
2005,https://www.superbowl-ads.com/2005-cadillac-tunnel-shot/
2005,https://www.superbowl-ads.com/2005-ameriquest-cat-dont-judge/
2005,https://www.superbowl-ads.com/2005-subway-hot-date/
2005,https://www.superbowl-ads.com/2005-visa-super-heroes/
2004,https://www.superbowl-ads.com/superbowl-ads-com-top-5-ads-of-2004-super-bowl-xxviii/
2004,https://www.superbowl-ads.com/2004-bud-light-paintball/
2004,https://www.superbowl-ads.com/2004-subway-being-bad/
2004,https://www.superbowl-ads.com/2004-honda-pilot-raised-by-wolves/
2004,https://www.superbowl-ads.com/2004-budweiser-lipstick/
2004,https://www.superbowl-ads.com/2004-cadillac-new-wave/
2004,https://www.superbowl-ads.com/2004-toyota-revenge/
2004,https://www.superbowl-ads.com/2004-nfl-network-tomorrow/
2004,https://www.superbowl-ads.com/2004-emerald-nuts-encouraging-norwegians/
2004,https://www.superbowl-ads.com/2004-emerald-nuts-evil-navigators/
2004,https://www.superbowl-ads.com/2004-chevrolet-soap/
2004,https://www.superbowl-ads.com/2004-sierra-mist-parade-with-patton-oswalt/
2004,https://www.superbowl-ads.com/2004-budweiser-referee/
2004,https://www.superbowl-ads.com/2004-hr-block-willie-nelson-doll/
2004,https://www.superbowl-ads.com/2004-pepsi-jimi-hendrix/
2004,https://www.superbowl-ads.com/2004-bud-light-cedric-gets-massage/
2004,https://www.superbowl-ads.com/2004-fedex-jenkins/
2004,https://www.superbowl-ads.com/2004-pizza-hut-jessica-simpson-and-the-muppets/
2004,https://www.superbowl-ads.com/2004-visa-winter-beach-volleyball-with-kerri-walsh-and-misty-may/
2004,https://www.superbowl-ads.com/2004-sierra-mist-balcony-jump/
2004,https://www.superbowl-ads.com/2004-monster-com-perfect-match/
2004,https://www.superbowl-ads.com/2004-mcdonalds-dryer-sheet/
2004,https://www.superbowl-ads.com/2004-mastercard-homer-simpson/
2004,https://www.superbowl-ads.com/2004-lays-teeth/
2004,https://www.superbowl-ads.com/2004-ford-gt-in-what-gear/
2004,https://www.superbowl-ads.com/2004-bud-light-fergus/
2004,https://www.superbowl-ads.com/2004-bud-light-frank/
2004,https://www.superbowl-ads.com/2004-budweiser-donkey/
2004,https://www.superbowl-ads.com/2004-bud-light-sleigh-ride/
2004,https://www.superbowl-ads.com/2004-aol-top-speed/
2004,https://www.superbowl-ads.com/2004-7up-slam-dunk/
2004,https://www.superbowl-ads.com/2004-pepsi-bears-find-food/
2003,https://www.superbowl-ads.com/superbowl-ads-com-top-5-ads-of-2003-super-bowl-xxxvii/
2003,https://www.superbowl-ads.com/2003-sony-astronaut/
2003,https://www.superbowl-ads.com/2003-bud-light-yoga/
2003,https://www.superbowl-ads.com/2003-mastercard-presidents/
2003,https://www.superbowl-ads.com/2003-coors-twins-remote/
2003,https://www.superbowl-ads.com/2003-bud-light-third-arm/
2003,https://www.superbowl-ads.com/2003-hotjobs-rainbow-connection/
2003,https://www.superbowl-ads.com/2003-nfl-crazy-with-don-cheadle/
2003,https://www.superbowl-ads.com/2003-mlife-gilligans-island/
2003,https://www.superbowl-ads.com/2003-visa-check-card-tiki-and-ronde-barber/
2003,https://www.superbowl-ads.com/2003-budweiser-roommate/
2003,https://www.superbowl-ads.com/2003-trident-5th-dentist/
2003,https://www.superbowl-ads.com/2003-sierra-mist-hydrant/
2003,https://www.superbowl-ads.com/2003-hr-block-willie-nelson/
2003,https://www.superbowl-ads.com/2003-dodge-ram-heimlich/
2003,https://www.superbowl-ads.com/2003-bud-light-strongman/
2003,https://www.superbowl-ads.com/2003-pepsi-twist-osbornes/
2003,https://www.superbowl-ads.com/2003-quiznos-chef-jimmy/
2003,https://www.superbowl-ads.com/2003-mcdonalds-rough-day/
2003,https://www.superbowl-ads.com/2003-budweiser-great-listener/
2003,https://www.superbowl-ads.com/2003-budweiser-instant-replay/
2003,https://www.superbowl-ads.com/2003-chrysler-crossfire-celine-dion/
2003,https://www.superbowl-ads.com/2003-visa-yao-ming/
2003,https://www.superbowl-ads.com/2003-bud-light-upside-down-clown/
2003,https://www.superbowl-ads.com/2003-bud-light-no-pets-allowed/
2003,https://www.superbowl-ads.com/2003-bud-light-mother-in-law/
2003,https://www.superbowl-ads.com/2003-bud-light-hermit-crab/
2003,https://www.superbowl-ads.com/2003-hanes-go-tagless-with-jackie-chan-michael-jordan/
2003,https://www.superbowl-ads.com/2003-gatorade-michael-jordan/
2003,https://www.superbowl-ads.com/2003-fedex-castaway/
2003,https://www.superbowl-ads.com/2003-sierra-mist-monkey-takes-dip/
2003,https://www.superbowl-ads.com/2003-monster-com-driverless-truck/
2003,https://www.superbowl-ads.com/2003-levis-stampede/
2003,https://www.superbowl-ads.com/2003-reebok-terry-tate-office-linebacker/
2002,https://www.superbowl-ads.com/superbowl-ads-com-top-5-ads-of-2002-super-bowl-xxxvi/
2002,https://www.superbowl-ads.com/2002-yahoo-dolphin/
2002,https://www.superbowl-ads.com/2002-budweiser-tushy/
2002,https://www.superbowl-ads.com/2002-universal-orlando-i-wanna-vacation/
2002,https://www.superbowl-ads.com/2002-hotjobs-com-stenographer/
2002,https://www.superbowl-ads.com/2002-computer-associates-ready-for-meeting/
2002,https://www.superbowl-ads.com/2002-budweiser-anniversary-card/
2002,https://www.superbowl-ads.com/2002-hr-block-tax-reform/
2002,https://www.superbowl-ads.com/2002-visa-check-card-7-degrees-with-kevin-bacon/
2002,https://www.superbowl-ads.com/2002-bud-light-falcon/
2002,https://www.superbowl-ads.com/2002-bud-light-cedric-advice/
2002,https://www.superbowl-ads.com/2002-etrade-monkey-musical/
2002,https://www.superbowl-ads.com/2002-mcdonalds-pee-wee-football/
2002,https://www.superbowl-ads.com/2002-nascar-on-fox/
2002,https://www.superbowl-ads.com/2002-bud-light-satin-sheets/
2002,https://www.superbowl-ads.com/2002-schwab-barry-bonds-hank-aaron/
2002,https://www.superbowl-ads.com/2002-quiznos-focus-group/
2002,https://www.superbowl-ads.com/2002-pepsi-generations-with-britney-spears/
2002,https://www.superbowl-ads.com/2002-dockers-little-black-dress/
2002,https://www.superbowl-ads.com/2002-budweiser-how-ya-doin/
2002,https://www.superbowl-ads.com/2002-budweiser-ground-zero-clydesdales-bow/
2002,https://www.superbowl-ads.com/2002-united-way-sam-adams/
2002,https://www.superbowl-ads.com/2002-monster-com-rudy-giuliani/
2002,https://www.superbowl-ads.com/2002-monster-com-fit-guy/
2002,https://www.superbowl-ads.com/2002-lipton-brisk-danny-devito/
2002,https://www.superbowl-ads.com/2002-cadillac-parking-spot/
2002,https://www.superbowl-ads.com/2002-bud-light-robobash/
2002,https://www.superbowl-ads.com/2002-levis-crazy-legs/
2001,https://www.superbowl-ads.com/superbowl-ads-com-top-5-ads-of-2001-super-bowl-xxxv/
2001,https://www.superbowl-ads.com/2001-pepsi-subway-miracle/
2001,https://www.superbowl-ads.com/2001-fedex-big-springs/
2001,https://www.superbowl-ads.com/2001-verizon-chat-without-talking/
2001,https://www.superbowl-ads.com/2001-mastercard-auction/
2001,https://www.superbowl-ads.com/2001-visa-check-card-pet-store/
2001,https://www.superbowl-ads.com/2001-bud-light-otto/
2001,https://www.superbowl-ads.com/2001-levis-transplant/
2001,https://www.superbowl-ads.com/2001-computer-associates-wake-up-call/
2001,https://www.superbowl-ads.com/2001-nfl-perfect-day/
2001,https://www.superbowl-ads.com/2001-volkswagen-selfie/
2001,https://www.superbowl-ads.com/2001-volkswagen-tree/
2001,https://www.superbowl-ads.com/2001-volkswagen-late-for-wedding/
2001,https://www.superbowl-ads.com/2001-snickers-crunchers-catch-phrase-crunch/
2001,https://www.superbowl-ads.com/2001-pepsi-roller-coaster/
2001,https://www.superbowl-ads.com/2001-pepsi-kasparov-vs-pepsi-machine/
2001,https://www.superbowl-ads.com/2001-pepsi-bob-dole/
2001,https://www.superbowl-ads.com/2001-eds-running-with-squirrels/
2001,https://www.superbowl-ads.com/2001-etrade-security-guard/
2001,https://www.superbowl-ads.com/2001-etrade-dot-com-ghost-town/
2001,https://www.superbowl-ads.com/2001-doritos-ali-landry/
2001,https://www.superbowl-ads.com/2001-diet-dr-pepper-hudson-riverdance/
2001,https://www.superbowl-ads.com/2001-budweiser-nsync/
2001,https://www.superbowl-ads.com/2001-budweiser-what-are-you-doing/
2001,https://www.superbowl-ads.com/2001-bud-light-pencil-pusher/
2001,https://www.superbowl-ads.com/2001-bud-light-cedric-the-entertainer/
2001,https://www.superbowl-ads.com/2001-hotjobs-com-marble/
2000,https://www.superbowl-ads.com/superbowl-ads-com-top-5-ads-of-2000-super-bowl-xxxiv/
2000,https://www.superbowl-ads.com/2000-wwf-beauty-pagent/
2000,https://www.superbowl-ads.com/2000-tabasco-god/
2000,https://www.superbowl-ads.com/2000-pets-com-sock-puppet/
2000,https://www.superbowl-ads.com/2000-nuveen-investments-christopher-reeve-walks/
2000,https://www.superbowl-ads.com/2000-mountain-dew-cheetah/
2000,https://www.superbowl-ads.com/2000-mountain-dew-bohemian-rhapsody/
2000,https://www.superbowl-ads.com/2000-eds-cat-herding/
2000,https://www.superbowl-ads.com/2000-etrade-money-out-of-the-wazoo/
2000,https://www.superbowl-ads.com/2000-computer-com-mike-and-mike/
2000,https://www.superbowl-ads.com/2000-budweiser-rex/
2000,https://www.superbowl-ads.com/2000-budweiser-talking-dog/
2000,https://www.superbowl-ads.com/2000-7up-show-us-your-can/
2000,https://www.superbowl-ads.com/2000-fedex-oz/
2000,https://www.superbowl-ads.com/2000-ourbeginning-com-bridal-boutique/
2000,https://www.superbowl-ads.com/2000-oxygen-com-nursery/
2000,https://www.superbowl-ads.com/2000-netpliance-nerds/
2000,https://www.superbowl-ads.com/2000-visa-synchronized-swimmers/
2000,https://www.superbowl-ads.com/2000-agillion-we-are-the-champions/
2000,https://www.superbowl-ads.com/2000-bmw-x5-feeling/
2000,https://www.superbowl-ads.com/2000-bud-light-she-has-a-cat/
2000,https://www.superbowl-ads.com/2000-bud-light-hold-the-door/
2000,https://www.superbowl-ads.com/2000-budweiser-whaasup-game/
2000,https://www.superbowl-ads.com/2000-etrade-monkey-dance/
2000,https://www.superbowl-ads.com/2000-budweiser-whaasup/
